USE `yanxin_zhaoxianbao`;
SET NAMES utf8mb4;
SET FOREIGN_KEY_CHECKS = 0;

TRUNCATE TABLE `sys_user`;
INSERT INTO `sys_user` (`id`, `username`, `password`, `real_name`, `phone`, `role`, `status`, `deleted`, `create_time`, `update_time`) VALUES
(1, 'admin', '123456', '系统管理员', '13800000001', 'ADMIN', 1, 0, NOW(), NOW()),
(2, 'hr', '123456', '招聘专员', '13800000002', 'HR', 1, 0, NOW(), NOW()),
(3, 'hr3', '123456', '招聘专员3', '13810000003', 'HR', 1, 0, NOW(), NOW()),
(4, 'hr4', '123456', '招聘专员4', '13810000004', 'HR', 1, 0, NOW(), NOW()),
(5, 'hr5', '123456', '招聘专员5', '13810000005', 'HR', 1, 0, NOW(), NOW()),
(6, 'hr6', '123456', '招聘专员6', '13810000006', 'HR', 1, 0, NOW(), NOW()),
(7, 'hr7', '123456', '招聘专员7', '13810000007', 'HR', 1, 0, NOW(), NOW()),
(8, 'hr8', '123456', '招聘专员8', '13810000008', 'HR', 1, 0, NOW(), NOW()),
(9, 'hr9', '123456', '招聘专员9', '13810000009', 'HR', 1, 0, NOW(), NOW()),
(10, 'hr10', '123456', '招聘专员10', '13810000010', 'HR', 1, 0, NOW(), NOW()),
(11, 'hr11', '123456', '招聘专员11', '13810000011', 'HR', 1, 0, NOW(), NOW()),
(12, 'hr12', '123456', '招聘专员12', '13810000012', 'HR', 1, 0, NOW(), NOW()),
(13, 'hr13', '123456', '招聘专员13', '13810000013', 'HR', 1, 0, NOW(), NOW()),
(14, 'hr14', '123456', '招聘专员14', '13810000014', 'HR', 1, 0, NOW(), NOW()),
(15, 'hr15', '123456', '招聘专员15', '13810000015', 'HR', 1, 0, NOW(), NOW()),
(16, 'hr16', '123456', '招聘专员16', '13810000016', 'HR', 1, 0, NOW(), NOW()),
(17, 'hr17', '123456', '招聘专员17', '13810000017', 'HR', 1, 0, NOW(), NOW()),
(18, 'hr18', '123456', '招聘专员18', '13810000018', 'HR', 1, 0, NOW(), NOW()),
(19, 'hr19', '123456', '招聘专员19', '13810000019', 'HR', 1, 0, NOW(), NOW()),
(20, 'hr20', '123456', '招聘专员20', '13810000020', 'HR', 1, 0, NOW(), NOW()),
(21, 'hr21', '123456', '招聘专员21', '13810000021', 'HR', 1, 0, NOW(), NOW()),
(22, 'hr22', '123456', '招聘专员22', '13810000022', 'HR', 1, 0, NOW(), NOW());

TRUNCATE TABLE `candidate_user`;
INSERT INTO `candidate_user` (`id`, `username`, `password`, `real_name`, `gender`, `phone`, `avatar_url`, `resume_delivery_status`, `status`, `deleted`, `create_time`, `update_time`) VALUES
(1, 'candidate1', '123456', '郑军', 1, '13967449336', 'https://cube.elemecdn.com/3/7c/3ea6beec64369c2642b92c6726f1epng.png', 1, 1, 0, DATE_SUB(NOW(), INTERVAL 1 DAY), NOW()),
(2, 'candidate2', '123456', '朱平', 2, '13925392859', 'https://cube.elemecdn.com/3/7c/3ea6beec64369c2642b92c6726f1epng.png', 0, 1, 0, DATE_SUB(NOW(), INTERVAL 2 DAY), NOW()),
(3, 'candidate3', '123456', '沈强', 1, '13933690613', 'https://cube.elemecdn.com/3/7c/3ea6beec64369c2642b92c6726f1epng.png', 1, 1, 0, DATE_SUB(NOW(), INTERVAL 3 DAY), NOW()),
(4, 'candidate4', '123456', '吴芳', 1, '13939143641', 'https://cube.elemecdn.com/3/7c/3ea6beec64369c2642b92c6726f1epng.png', 0, 1, 0, DATE_SUB(NOW(), INTERVAL 4 DAY), NOW()),
(5, 'candidate5', '123456', '吴杰', 2, '13967008260', 'https://cube.elemecdn.com/3/7c/3ea6beec64369c2642b92c6726f1epng.png', 1, 1, 0, DATE_SUB(NOW(), INTERVAL 5 DAY), NOW()),
(6, 'candidate6', '123456', '王芳', 2, '13980635292', 'https://cube.elemecdn.com/3/7c/3ea6beec64369c2642b92c6726f1epng.png', 1, 1, 0, DATE_SUB(NOW(), INTERVAL 6 DAY), NOW()),
(7, 'candidate7', '123456', '孙娜', 2, '13988705545', 'https://cube.elemecdn.com/3/7c/3ea6beec64369c2642b92c6726f1epng.png', 0, 1, 0, DATE_SUB(NOW(), INTERVAL 7 DAY), NOW()),
(8, 'candidate8', '123456', '杨杰', 1, '13930797691', 'https://cube.elemecdn.com/3/7c/3ea6beec64369c2642b92c6726f1epng.png', 0, 1, 0, DATE_SUB(NOW(), INTERVAL 8 DAY), NOW()),
(9, 'candidate9', '123456', '钱超', 1, '13957716946', 'https://cube.elemecdn.com/3/7c/3ea6beec64369c2642b92c6726f1epng.png', 0, 1, 0, DATE_SUB(NOW(), INTERVAL 9 DAY), NOW()),
(10, 'candidate10', '123456', '吴勇', 2, '13955575414', 'https://cube.elemecdn.com/3/7c/3ea6beec64369c2642b92c6726f1epng.png', 1, 1, 0, DATE_SUB(NOW(), INTERVAL 10 DAY), NOW()),
(11, 'candidate11', '123456', '卫娜', 2, '13943770902', 'https://cube.elemecdn.com/3/7c/3ea6beec64369c2642b92c6726f1epng.png', 1, 1, 0, DATE_SUB(NOW(), INTERVAL 11 DAY), NOW()),
(12, 'candidate12', '123456', '韩静', 1, '13979796260', 'https://cube.elemecdn.com/3/7c/3ea6beec64369c2642b92c6726f1epng.png', 1, 1, 0, DATE_SUB(NOW(), INTERVAL 12 DAY), NOW()),
(13, 'candidate13', '123456', '卫艳', 1, '13946898921', 'https://cube.elemecdn.com/3/7c/3ea6beec64369c2642b92c6726f1epng.png', 0, 1, 0, DATE_SUB(NOW(), INTERVAL 13 DAY), NOW()),
(14, 'candidate14', '123456', '沈艳', 2, '13945261879', 'https://cube.elemecdn.com/3/7c/3ea6beec64369c2642b92c6726f1epng.png', 0, 1, 0, DATE_SUB(NOW(), INTERVAL 14 DAY), NOW()),
(15, 'candidate15', '123456', '陈刚', 1, '13936864396', 'https://cube.elemecdn.com/3/7c/3ea6beec64369c2642b92c6726f1epng.png', 1, 1, 0, DATE_SUB(NOW(), INTERVAL 15 DAY), NOW()),
(16, 'candidate16', '123456', '钱敏', 2, '13925620491', 'https://cube.elemecdn.com/3/7c/3ea6beec64369c2642b92c6726f1epng.png', 0, 1, 0, DATE_SUB(NOW(), INTERVAL 16 DAY), NOW()),
(17, 'candidate17', '123456', '李刚', 2, '13998519545', 'https://cube.elemecdn.com/3/7c/3ea6beec64369c2642b92c6726f1epng.png', 1, 1, 0, DATE_SUB(NOW(), INTERVAL 17 DAY), NOW()),
(18, 'candidate18', '123456', '王磊', 2, '13938238630', 'https://cube.elemecdn.com/3/7c/3ea6beec64369c2642b92c6726f1epng.png', 0, 1, 0, DATE_SUB(NOW(), INTERVAL 18 DAY), NOW()),
(19, 'candidate19', '123456', '赵霞', 2, '13931963586', 'https://cube.elemecdn.com/3/7c/3ea6beec64369c2642b92c6726f1epng.png', 1, 1, 0, DATE_SUB(NOW(), INTERVAL 19 DAY), NOW()),
(20, 'candidate20', '123456', '王静', 2, '13981297842', 'https://cube.elemecdn.com/3/7c/3ea6beec64369c2642b92c6726f1epng.png', 0, 1, 0, DATE_SUB(NOW(), INTERVAL 20 DAY), NOW()),
(21, 'candidate21', '123456', '陈磊', 1, '13946609812', 'https://cube.elemecdn.com/3/7c/3ea6beec64369c2642b92c6726f1epng.png', 0, 1, 0, DATE_SUB(NOW(), INTERVAL 21 DAY), NOW()),
(22, 'candidate22', '123456', '杨洋', 2, '13921273349', 'https://cube.elemecdn.com/3/7c/3ea6beec64369c2642b92c6726f1epng.png', 1, 1, 0, DATE_SUB(NOW(), INTERVAL 22 DAY), NOW()),
(23, 'candidate23', '123456', '杨涛', 2, '13978113058', 'https://cube.elemecdn.com/3/7c/3ea6beec64369c2642b92c6726f1epng.png', 0, 1, 0, DATE_SUB(NOW(), INTERVAL 23 DAY), NOW()),
(24, 'candidate24', '123456', '朱涛', 1, '13917568128', 'https://cube.elemecdn.com/3/7c/3ea6beec64369c2642b92c6726f1epng.png', 1, 1, 0, DATE_SUB(NOW(), INTERVAL 24 DAY), NOW()),
(25, 'candidate25', '123456', '赵艳', 2, '13968462589', 'https://cube.elemecdn.com/3/7c/3ea6beec64369c2642b92c6726f1epng.png', 0, 1, 0, DATE_SUB(NOW(), INTERVAL 25 DAY), NOW()),
(26, 'candidate26', '123456', '赵霞', 1, '13973177424', 'https://cube.elemecdn.com/3/7c/3ea6beec64369c2642b92c6726f1epng.png', 0, 1, 0, DATE_SUB(NOW(), INTERVAL 26 DAY), NOW()),
(27, 'candidate27', '123456', '孙伟', 2, '13915542707', 'https://cube.elemecdn.com/3/7c/3ea6beec64369c2642b92c6726f1epng.png', 0, 1, 0, DATE_SUB(NOW(), INTERVAL 27 DAY), NOW()),
(28, 'candidate28', '123456', '王磊', 2, '13958271786', 'https://cube.elemecdn.com/3/7c/3ea6beec64369c2642b92c6726f1epng.png', 0, 1, 0, DATE_SUB(NOW(), INTERVAL 28 DAY), NOW()),
(29, 'candidate29', '123456', '周磊', 1, '13944758711', 'https://cube.elemecdn.com/3/7c/3ea6beec64369c2642b92c6726f1epng.png', 0, 1, 0, DATE_SUB(NOW(), INTERVAL 29 DAY), NOW()),
(30, 'candidate30', '123456', '王静', 2, '13962789248', 'https://cube.elemecdn.com/3/7c/3ea6beec64369c2642b92c6726f1epng.png', 0, 1, 0, DATE_SUB(NOW(), INTERVAL 30 DAY), NOW()),
(31, 'candidate31', '123456', '杨艳', 1, '13968921499', 'https://cube.elemecdn.com/3/7c/3ea6beec64369c2642b92c6726f1epng.png', 0, 1, 0, DATE_SUB(NOW(), INTERVAL 31 DAY), NOW()),
(32, 'candidate32', '123456', '郑艳', 1, '13986128601', 'https://cube.elemecdn.com/3/7c/3ea6beec64369c2642b92c6726f1epng.png', 0, 1, 0, DATE_SUB(NOW(), INTERVAL 32 DAY), NOW()),
(33, 'candidate33', '123456', '卫伟', 1, '13999549273', 'https://cube.elemecdn.com/3/7c/3ea6beec64369c2642b92c6726f1epng.png', 1, 1, 0, DATE_SUB(NOW(), INTERVAL 33 DAY), NOW()),
(34, 'candidate34', '123456', '钱超', 2, '13941160904', 'https://cube.elemecdn.com/3/7c/3ea6beec64369c2642b92c6726f1epng.png', 0, 1, 0, DATE_SUB(NOW(), INTERVAL 34 DAY), NOW()),
(35, 'candidate35', '123456', '孙秀英', 1, '13940973782', 'https://cube.elemecdn.com/3/7c/3ea6beec64369c2642b92c6726f1epng.png', 1, 1, 0, DATE_SUB(NOW(), INTERVAL 35 DAY), NOW()),
(36, 'candidate36', '123456', '杨军', 1, '13978161657', 'https://cube.elemecdn.com/3/7c/3ea6beec64369c2642b92c6726f1epng.png', 1, 1, 0, DATE_SUB(NOW(), INTERVAL 36 DAY), NOW()),
(37, 'candidate37', '123456', '赵超', 2, '13983911527', 'https://cube.elemecdn.com/3/7c/3ea6beec64369c2642b92c6726f1epng.png', 1, 1, 0, DATE_SUB(NOW(), INTERVAL 37 DAY), NOW()),
(38, 'candidate38', '123456', '许强', 1, '13912611266', 'https://cube.elemecdn.com/3/7c/3ea6beec64369c2642b92c6726f1epng.png', 0, 1, 0, DATE_SUB(NOW(), INTERVAL 38 DAY), NOW()),
(39, 'candidate39', '123456', '孙洋', 2, '13944735888', 'https://cube.elemecdn.com/3/7c/3ea6beec64369c2642b92c6726f1epng.png', 1, 1, 0, DATE_SUB(NOW(), INTERVAL 39 DAY), NOW()),
(40, 'candidate40', '123456', '吴超', 2, '13969458963', 'https://cube.elemecdn.com/3/7c/3ea6beec64369c2642b92c6726f1epng.png', 0, 1, 0, DATE_SUB(NOW(), INTERVAL 40 DAY), NOW()),
(41, 'candidate41', '123456', '尤军', 2, '13923846919', 'https://cube.elemecdn.com/3/7c/3ea6beec64369c2642b92c6726f1epng.png', 0, 1, 0, DATE_SUB(NOW(), INTERVAL 41 DAY), NOW()),
(42, 'candidate42', '123456', '吴超', 2, '13987688571', 'https://cube.elemecdn.com/3/7c/3ea6beec64369c2642b92c6726f1epng.png', 0, 1, 0, DATE_SUB(NOW(), INTERVAL 42 DAY), NOW()),
(43, 'candidate43', '123456', '朱强', 1, '13937695194', 'https://cube.elemecdn.com/3/7c/3ea6beec64369c2642b92c6726f1epng.png', 0, 1, 0, DATE_SUB(NOW(), INTERVAL 43 DAY), NOW()),
(44, 'candidate44', '123456', '秦刚', 2, '13913579849', 'https://cube.elemecdn.com/3/7c/3ea6beec64369c2642b92c6726f1epng.png', 0, 1, 0, DATE_SUB(NOW(), INTERVAL 44 DAY), NOW()),
(45, 'candidate45', '123456', '杨杰', 2, '13961171599', 'https://cube.elemecdn.com/3/7c/3ea6beec64369c2642b92c6726f1epng.png', 0, 1, 0, DATE_SUB(NOW(), INTERVAL 45 DAY), NOW()),
(46, 'candidate46', '123456', '杨静', 2, '13981879835', 'https://cube.elemecdn.com/3/7c/3ea6beec64369c2642b92c6726f1epng.png', 0, 1, 0, DATE_SUB(NOW(), INTERVAL 46 DAY), NOW()),
(47, 'candidate47', '123456', '钱超', 2, '13994250720', 'https://cube.elemecdn.com/3/7c/3ea6beec64369c2642b92c6726f1epng.png', 0, 1, 0, DATE_SUB(NOW(), INTERVAL 47 DAY), NOW()),
(48, 'candidate48', '123456', '陈强', 1, '13922354492', 'https://cube.elemecdn.com/3/7c/3ea6beec64369c2642b92c6726f1epng.png', 1, 1, 0, DATE_SUB(NOW(), INTERVAL 48 DAY), NOW()),
(49, 'candidate49', '123456', '尤秀英', 1, '13919855643', 'https://cube.elemecdn.com/3/7c/3ea6beec64369c2642b92c6726f1epng.png', 0, 1, 0, DATE_SUB(NOW(), INTERVAL 49 DAY), NOW()),
(50, 'candidate50', '123456', '蒋娜', 2, '13914976514', 'https://cube.elemecdn.com/3/7c/3ea6beec64369c2642b92c6726f1epng.png', 1, 1, 0, DATE_SUB(NOW(), INTERVAL 50 DAY), NOW()),
(51, 'candidate51', '123456', '杨平', 2, '13915816484', 'https://cube.elemecdn.com/3/7c/3ea6beec64369c2642b92c6726f1epng.png', 1, 1, 0, DATE_SUB(NOW(), INTERVAL 51 DAY), NOW()),
(52, 'candidate52', '123456', '许娟', 1, '13932022067', 'https://cube.elemecdn.com/3/7c/3ea6beec64369c2642b92c6726f1epng.png', 1, 1, 0, DATE_SUB(NOW(), INTERVAL 52 DAY), NOW()),
(53, 'candidate53', '123456', '许刚', 2, '13994223709', 'https://cube.elemecdn.com/3/7c/3ea6beec64369c2642b92c6726f1epng.png', 1, 1, 0, DATE_SUB(NOW(), INTERVAL 53 DAY), NOW()),
(54, 'candidate54', '123456', '杨娟', 1, '13962756700', 'https://cube.elemecdn.com/3/7c/3ea6beec64369c2642b92c6726f1epng.png', 1, 1, 0, DATE_SUB(NOW(), INTERVAL 54 DAY), NOW()),
(55, 'candidate55', '123456', '韩军', 2, '13993486662', 'https://cube.elemecdn.com/3/7c/3ea6beec64369c2642b92c6726f1epng.png', 0, 1, 0, DATE_SUB(NOW(), INTERVAL 55 DAY), NOW()),
(56, 'candidate56', '123456', '褚芳', 2, '13921985538', 'https://cube.elemecdn.com/3/7c/3ea6beec64369c2642b92c6726f1epng.png', 1, 1, 0, DATE_SUB(NOW(), INTERVAL 56 DAY), NOW()),
(57, 'candidate57', '123456', '孙涛', 1, '13945014650', 'https://cube.elemecdn.com/3/7c/3ea6beec64369c2642b92c6726f1epng.png', 0, 1, 0, DATE_SUB(NOW(), INTERVAL 57 DAY), NOW()),
(58, 'candidate58', '123456', '杨勇', 2, '13945717615', 'https://cube.elemecdn.com/3/7c/3ea6beec64369c2642b92c6726f1epng.png', 1, 1, 0, DATE_SUB(NOW(), INTERVAL 58 DAY), NOW()),
(59, 'candidate59', '123456', '李敏', 2, '13972232848', 'https://cube.elemecdn.com/3/7c/3ea6beec64369c2642b92c6726f1epng.png', 1, 1, 0, DATE_SUB(NOW(), INTERVAL 59 DAY), NOW()),
(60, 'candidate60', '123456', '韩娟', 1, '13982028022', 'https://cube.elemecdn.com/3/7c/3ea6beec64369c2642b92c6726f1epng.png', 1, 1, 0, DATE_SUB(NOW(), INTERVAL 60 DAY), NOW()),
(61, 'candidate61', '123456', '朱芳', 2, '13959038749', 'https://cube.elemecdn.com/3/7c/3ea6beec64369c2642b92c6726f1epng.png', 0, 1, 0, DATE_SUB(NOW(), INTERVAL 61 DAY), NOW()),
(62, 'candidate62', '123456', '李磊', 1, '13976970243', 'https://cube.elemecdn.com/3/7c/3ea6beec64369c2642b92c6726f1epng.png', 0, 1, 0, DATE_SUB(NOW(), INTERVAL 62 DAY), NOW()),
(63, 'candidate63', '123456', '沈涛', 1, '13946865194', 'https://cube.elemecdn.com/3/7c/3ea6beec64369c2642b92c6726f1epng.png', 0, 1, 0, DATE_SUB(NOW(), INTERVAL 63 DAY), NOW()),
(64, 'candidate64', '123456', '冯刚', 1, '13987046851', 'https://cube.elemecdn.com/3/7c/3ea6beec64369c2642b92c6726f1epng.png', 1, 1, 0, DATE_SUB(NOW(), INTERVAL 64 DAY), NOW()),
(65, 'candidate65', '123456', '孙磊', 2, '13924917165', 'https://cube.elemecdn.com/3/7c/3ea6beec64369c2642b92c6726f1epng.png', 0, 1, 0, DATE_SUB(NOW(), INTERVAL 65 DAY), NOW()),
(66, 'candidate66', '123456', '陈敏', 2, '13951314820', 'https://cube.elemecdn.com/3/7c/3ea6beec64369c2642b92c6726f1epng.png', 0, 1, 0, DATE_SUB(NOW(), INTERVAL 66 DAY), NOW()),
(67, 'candidate67', '123456', '沈强', 1, '13915614842', 'https://cube.elemecdn.com/3/7c/3ea6beec64369c2642b92c6726f1epng.png', 0, 1, 0, DATE_SUB(NOW(), INTERVAL 67 DAY), NOW()),
(68, 'candidate68', '123456', '吴伟', 1, '13984765339', 'https://cube.elemecdn.com/3/7c/3ea6beec64369c2642b92c6726f1epng.png', 1, 1, 0, DATE_SUB(NOW(), INTERVAL 68 DAY), NOW()),
(69, 'candidate69', '123456', '韩强', 1, '13983979094', 'https://cube.elemecdn.com/3/7c/3ea6beec64369c2642b92c6726f1epng.png', 1, 1, 0, DATE_SUB(NOW(), INTERVAL 69 DAY), NOW()),
(70, 'candidate70', '123456', '韩超', 1, '13991122264', 'https://cube.elemecdn.com/3/7c/3ea6beec64369c2642b92c6726f1epng.png', 0, 1, 0, DATE_SUB(NOW(), INTERVAL 70 DAY), NOW()),
(71, 'candidate71', '123456', '李艳', 2, '13997872117', 'https://cube.elemecdn.com/3/7c/3ea6beec64369c2642b92c6726f1epng.png', 1, 1, 0, DATE_SUB(NOW(), INTERVAL 71 DAY), NOW()),
(72, 'candidate72', '123456', '尤艳', 2, '13975027519', 'https://cube.elemecdn.com/3/7c/3ea6beec64369c2642b92c6726f1epng.png', 1, 1, 0, DATE_SUB(NOW(), INTERVAL 72 DAY), NOW()),
(73, 'candidate73', '123456', '褚敏', 2, '13992051260', 'https://cube.elemecdn.com/3/7c/3ea6beec64369c2642b92c6726f1epng.png', 1, 1, 0, DATE_SUB(NOW(), INTERVAL 73 DAY), NOW()),
(74, 'candidate74', '123456', '杨芳', 1, '13930340181', 'https://cube.elemecdn.com/3/7c/3ea6beec64369c2642b92c6726f1epng.png', 1, 1, 0, DATE_SUB(NOW(), INTERVAL 74 DAY), NOW()),
(75, 'candidate75', '123456', '杨杰', 1, '13921518785', 'https://cube.elemecdn.com/3/7c/3ea6beec64369c2642b92c6726f1epng.png', 1, 1, 0, DATE_SUB(NOW(), INTERVAL 75 DAY), NOW()),
(76, 'candidate76', '123456', '郑刚', 2, '13998804920', 'https://cube.elemecdn.com/3/7c/3ea6beec64369c2642b92c6726f1epng.png', 0, 1, 0, DATE_SUB(NOW(), INTERVAL 76 DAY), NOW()),
(77, 'candidate77', '123456', '卫刚', 1, '13941588154', 'https://cube.elemecdn.com/3/7c/3ea6beec64369c2642b92c6726f1epng.png', 0, 1, 0, DATE_SUB(NOW(), INTERVAL 77 DAY), NOW()),
(78, 'candidate78', '123456', '赵伟', 2, '13951161610', 'https://cube.elemecdn.com/3/7c/3ea6beec64369c2642b92c6726f1epng.png', 0, 1, 0, DATE_SUB(NOW(), INTERVAL 78 DAY), NOW()),
(79, 'candidate79', '123456', '朱超', 2, '13995828444', 'https://cube.elemecdn.com/3/7c/3ea6beec64369c2642b92c6726f1epng.png', 0, 1, 0, DATE_SUB(NOW(), INTERVAL 79 DAY), NOW()),
(80, 'candidate80', '123456', '钱霞', 2, '13931913350', 'https://cube.elemecdn.com/3/7c/3ea6beec64369c2642b92c6726f1epng.png', 0, 1, 0, DATE_SUB(NOW(), INTERVAL 80 DAY), NOW()),
(81, 'candidate81', '123456', '冯明', 2, '13945298403', 'https://cube.elemecdn.com/3/7c/3ea6beec64369c2642b92c6726f1epng.png', 0, 1, 0, DATE_SUB(NOW(), INTERVAL 81 DAY), NOW()),
(82, 'candidate82', '123456', '钱杰', 1, '13940891816', 'https://cube.elemecdn.com/3/7c/3ea6beec64369c2642b92c6726f1epng.png', 0, 1, 0, DATE_SUB(NOW(), INTERVAL 82 DAY), NOW()),
(83, 'candidate83', '123456', '许霞', 1, '13960354998', 'https://cube.elemecdn.com/3/7c/3ea6beec64369c2642b92c6726f1epng.png', 0, 1, 0, DATE_SUB(NOW(), INTERVAL 83 DAY), NOW()),
(84, 'candidate84', '123456', '李艳', 1, '13960122744', 'https://cube.elemecdn.com/3/7c/3ea6beec64369c2642b92c6726f1epng.png', 1, 1, 0, DATE_SUB(NOW(), INTERVAL 84 DAY), NOW()),
(85, 'candidate85', '123456', '蒋平', 1, '13936182262', 'https://cube.elemecdn.com/3/7c/3ea6beec64369c2642b92c6726f1epng.png', 0, 1, 0, DATE_SUB(NOW(), INTERVAL 85 DAY), NOW()),
(86, 'candidate86', '123456', '李勇', 2, '13977894197', 'https://cube.elemecdn.com/3/7c/3ea6beec64369c2642b92c6726f1epng.png', 0, 1, 0, DATE_SUB(NOW(), INTERVAL 86 DAY), NOW()),
(87, 'candidate87', '123456', '朱静', 2, '13974320745', 'https://cube.elemecdn.com/3/7c/3ea6beec64369c2642b92c6726f1epng.png', 0, 1, 0, DATE_SUB(NOW(), INTERVAL 87 DAY), NOW()),
(88, 'candidate88', '123456', '蒋强', 1, '13966180674', 'https://cube.elemecdn.com/3/7c/3ea6beec64369c2642b92c6726f1epng.png', 1, 1, 0, DATE_SUB(NOW(), INTERVAL 88 DAY), NOW()),
(89, 'candidate89', '123456', '尤平', 2, '13993571842', 'https://cube.elemecdn.com/3/7c/3ea6beec64369c2642b92c6726f1epng.png', 0, 1, 0, DATE_SUB(NOW(), INTERVAL 89 DAY), NOW()),
(90, 'candidate90', '123456', '钱霞', 2, '13995048868', 'https://cube.elemecdn.com/3/7c/3ea6beec64369c2642b92c6726f1epng.png', 0, 1, 0, DATE_SUB(NOW(), INTERVAL 90 DAY), NOW()),
(91, 'candidate91', '123456', '褚明', 2, '13941720895', 'https://cube.elemecdn.com/3/7c/3ea6beec64369c2642b92c6726f1epng.png', 0, 1, 0, DATE_SUB(NOW(), INTERVAL 91 DAY), NOW()),
(92, 'candidate92', '123456', '卫军', 2, '13961694117', 'https://cube.elemecdn.com/3/7c/3ea6beec64369c2642b92c6726f1epng.png', 1, 1, 0, DATE_SUB(NOW(), INTERVAL 92 DAY), NOW()),
(93, 'candidate93', '123456', '陈军', 1, '13968017721', 'https://cube.elemecdn.com/3/7c/3ea6beec64369c2642b92c6726f1epng.png', 0, 1, 0, DATE_SUB(NOW(), INTERVAL 93 DAY), NOW()),
(94, 'candidate94', '123456', '吴刚', 1, '13970380404', 'https://cube.elemecdn.com/3/7c/3ea6beec64369c2642b92c6726f1epng.png', 0, 1, 0, DATE_SUB(NOW(), INTERVAL 94 DAY), NOW()),
(95, 'candidate95', '123456', '褚杰', 2, '13945519340', 'https://cube.elemecdn.com/3/7c/3ea6beec64369c2642b92c6726f1epng.png', 0, 1, 0, DATE_SUB(NOW(), INTERVAL 95 DAY), NOW()),
(96, 'candidate96', '123456', '周明', 1, '13919103021', 'https://cube.elemecdn.com/3/7c/3ea6beec64369c2642b92c6726f1epng.png', 0, 1, 0, DATE_SUB(NOW(), INTERVAL 96 DAY), NOW()),
(97, 'candidate97', '123456', '秦勇', 1, '13972024106', 'https://cube.elemecdn.com/3/7c/3ea6beec64369c2642b92c6726f1epng.png', 0, 1, 0, DATE_SUB(NOW(), INTERVAL 97 DAY), NOW()),
(98, 'candidate98', '123456', '陈敏', 2, '13935637675', 'https://cube.elemecdn.com/3/7c/3ea6beec64369c2642b92c6726f1epng.png', 0, 1, 0, DATE_SUB(NOW(), INTERVAL 98 DAY), NOW()),
(99, 'candidate99', '123456', '杨静', 1, '13934173703', 'https://cube.elemecdn.com/3/7c/3ea6beec64369c2642b92c6726f1epng.png', 1, 1, 0, DATE_SUB(NOW(), INTERVAL 99 DAY), NOW()),
(100, 'candidate100', '123456', '陈洋', 1, '13914835402', 'https://cube.elemecdn.com/3/7c/3ea6beec64369c2642b92c6726f1epng.png', 0, 1, 0, DATE_SUB(NOW(), INTERVAL 100 DAY), NOW()),
(101, 'candidate101', '123456', '韩伟', 2, '13966365753', 'https://cube.elemecdn.com/3/7c/3ea6beec64369c2642b92c6726f1epng.png', 0, 1, 0, DATE_SUB(NOW(), INTERVAL 101 DAY), NOW()),
(102, 'candidate102', '123456', '李勇', 2, '13957824813', 'https://cube.elemecdn.com/3/7c/3ea6beec64369c2642b92c6726f1epng.png', 1, 1, 0, DATE_SUB(NOW(), INTERVAL 102 DAY), NOW()),
(103, 'candidate103', '123456', '许刚', 1, '13980652968', 'https://cube.elemecdn.com/3/7c/3ea6beec64369c2642b92c6726f1epng.png', 0, 1, 0, DATE_SUB(NOW(), INTERVAL 103 DAY), NOW()),
(104, 'candidate104', '123456', '周平', 1, '13927941818', 'https://cube.elemecdn.com/3/7c/3ea6beec64369c2642b92c6726f1epng.png', 1, 1, 0, DATE_SUB(NOW(), INTERVAL 104 DAY), NOW()),
(105, 'candidate105', '123456', '朱军', 1, '13922288264', 'https://cube.elemecdn.com/3/7c/3ea6beec64369c2642b92c6726f1epng.png', 0, 1, 0, DATE_SUB(NOW(), INTERVAL 105 DAY), NOW()),
(106, 'candidate106', '123456', '周超', 2, '13985398884', 'https://cube.elemecdn.com/3/7c/3ea6beec64369c2642b92c6726f1epng.png', 0, 1, 0, DATE_SUB(NOW(), INTERVAL 106 DAY), NOW()),
(107, 'candidate107', '123456', '李伟', 1, '13953759132', 'https://cube.elemecdn.com/3/7c/3ea6beec64369c2642b92c6726f1epng.png', 0, 1, 0, DATE_SUB(NOW(), INTERVAL 107 DAY), NOW()),
(108, 'candidate108', '123456', '朱艳', 2, '13970598276', 'https://cube.elemecdn.com/3/7c/3ea6beec64369c2642b92c6726f1epng.png', 1, 1, 0, DATE_SUB(NOW(), INTERVAL 108 DAY), NOW()),
(109, 'candidate109', '123456', '赵娟', 1, '13955657511', 'https://cube.elemecdn.com/3/7c/3ea6beec64369c2642b92c6726f1epng.png', 1, 1, 0, DATE_SUB(NOW(), INTERVAL 109 DAY), NOW()),
(110, 'candidate110', '123456', '韩磊', 2, '13971343067', 'https://cube.elemecdn.com/3/7c/3ea6beec64369c2642b92c6726f1epng.png', 1, 1, 0, DATE_SUB(NOW(), INTERVAL 110 DAY), NOW()),
(111, 'candidate111', '123456', '赵娟', 2, '13946670812', 'https://cube.elemecdn.com/3/7c/3ea6beec64369c2642b92c6726f1epng.png', 1, 1, 0, DATE_SUB(NOW(), INTERVAL 111 DAY), NOW()),
(112, 'candidate112', '123456', '陈芳', 1, '13965973662', 'https://cube.elemecdn.com/3/7c/3ea6beec64369c2642b92c6726f1epng.png', 0, 1, 0, DATE_SUB(NOW(), INTERVAL 112 DAY), NOW()),
(113, 'candidate113', '123456', '秦伟', 1, '13946005220', 'https://cube.elemecdn.com/3/7c/3ea6beec64369c2642b92c6726f1epng.png', 0, 1, 0, DATE_SUB(NOW(), INTERVAL 113 DAY), NOW()),
(114, 'candidate114', '123456', '卫平', 1, '13917972276', 'https://cube.elemecdn.com/3/7c/3ea6beec64369c2642b92c6726f1epng.png', 1, 1, 0, DATE_SUB(NOW(), INTERVAL 114 DAY), NOW()),
(115, 'candidate115', '123456', '朱艳', 2, '13997773491', 'https://cube.elemecdn.com/3/7c/3ea6beec64369c2642b92c6726f1epng.png', 0, 1, 0, DATE_SUB(NOW(), INTERVAL 115 DAY), NOW()),
(116, 'candidate116', '123456', '周涛', 1, '13917387614', 'https://cube.elemecdn.com/3/7c/3ea6beec64369c2642b92c6726f1epng.png', 1, 1, 0, DATE_SUB(NOW(), INTERVAL 116 DAY), NOW()),
(117, 'candidate117', '123456', '许军', 2, '13945929518', 'https://cube.elemecdn.com/3/7c/3ea6beec64369c2642b92c6726f1epng.png', 1, 1, 0, DATE_SUB(NOW(), INTERVAL 117 DAY), NOW()),
(118, 'candidate118', '123456', '杨伟', 2, '13923505423', 'https://cube.elemecdn.com/3/7c/3ea6beec64369c2642b92c6726f1epng.png', 0, 1, 0, DATE_SUB(NOW(), INTERVAL 118 DAY), NOW()),
(119, 'candidate119', '123456', '韩磊', 1, '13968796992', 'https://cube.elemecdn.com/3/7c/3ea6beec64369c2642b92c6726f1epng.png', 1, 1, 0, DATE_SUB(NOW(), INTERVAL 119 DAY), NOW()),
(120, 'candidate120', '123456', '王军', 2, '13925389543', 'https://cube.elemecdn.com/3/7c/3ea6beec64369c2642b92c6726f1epng.png', 1, 1, 0, DATE_SUB(NOW(), INTERVAL 120 DAY), NOW());

TRUNCATE TABLE `job_post`;
INSERT INTO `job_post` (`id`, `title`, `job_type_code`, `city_code`, `area_code`, `salary_min`, `salary_max`, `education_code`, `min_age`, `max_age`, `min_experience_years`, `required_skills`, `description`, `publish_status`, `recruiter_id`, `status`, `deleted`, `create_time`, `update_time`) VALUES
(1, '月嫂-1', 'NANNY', 'SZ', 'NS', 7396, 10905, 'COLLEGE', 20, 50, 2, 'ELDERCARE', '负责相关工作任务', 1, 4, 1, 0, DATE_SUB(NOW(), INTERVAL 1 DAY), NOW()),
(2, '住家保姆-2', 'NANNY', 'SZ', 'NS', 5941, 10031, 'HIGH', 20, 50, 0, 'ELDERCARE', '负责相关工作任务', 1, 10, 1, 0, DATE_SUB(NOW(), INTERVAL 2 DAY), NOW()),
(3, '家庭保洁-3', 'CLEANER', 'GZ', 'YX', 5699, 10315, 'HIGH', 20, 50, 2, 'COOKING', '负责相关工作任务', 1, 14, 1, 0, DATE_SUB(NOW(), INTERVAL 3 DAY), NOW()),
(4, '护工-4', 'NANNY', 'GZ', 'YX', 4778, 8086, 'MIDDLE', 20, 50, 0, 'BABYCARE', '负责相关工作任务', 1, 13, 1, 0, DATE_SUB(NOW(), INTERVAL 4 DAY), NOW()),
(5, '月嫂-5', 'NANNY', 'SZ', 'NS', 6151, 9785, 'MIDDLE', 20, 50, 0, 'BABYCARE', '负责相关工作任务', 1, 15, 1, 0, DATE_SUB(NOW(), INTERVAL 5 DAY), NOW()),
(6, '护工-6', 'NANNY', 'GZ', 'YX', 4892, 9253, 'HIGH', 20, 50, 0, 'BABYCARE', '负责相关工作任务', 1, 5, 1, 0, DATE_SUB(NOW(), INTERVAL 6 DAY), NOW()),
(7, '钟点工-7', 'CLEANER', 'GZ', 'TH', 4995, 7040, 'MIDDLE', 20, 50, 0, 'BABYCARE', '负责相关工作任务', 1, 8, 1, 0, DATE_SUB(NOW(), INTERVAL 7 DAY), NOW()),
(8, '钟点工-8', 'CLEANER', 'SZ', 'NS', 6144, 8775, 'MIDDLE', 20, 50, 2, 'COOKING', '负责相关工作任务', 1, 17, 1, 0, DATE_SUB(NOW(), INTERVAL 8 DAY), NOW()),
(9, '医院保洁-9', 'CLEANER', 'SZ', 'FT', 5550, 9781, 'MIDDLE', 20, 50, 4, 'ELDERCARE', '负责相关工作任务', 1, 19, 1, 0, DATE_SUB(NOW(), INTERVAL 9 DAY), NOW()),
(10, '钟点工-10', 'CLEANER', 'GZ', 'YX', 5177, 8005, 'HIGH', 20, 50, 4, 'BABYCARE', '负责相关工作任务', 1, 13, 1, 0, DATE_SUB(NOW(), INTERVAL 10 DAY), NOW()),
(11, '医院保洁-11', 'CLEANER', 'GZ', 'YX', 4860, 7170, 'MIDDLE', 20, 50, 2, 'ELDERCARE', '负责相关工作任务', 1, 14, 1, 0, DATE_SUB(NOW(), INTERVAL 11 DAY), NOW()),
(12, '护工-12', 'NANNY', 'GZ', 'TH', 4211, 7631, 'COLLEGE', 20, 50, 0, 'ELDERCARE', '负责相关工作任务', 1, 16, 1, 0, DATE_SUB(NOW(), INTERVAL 12 DAY), NOW()),
(13, '医院保洁-13', 'CLEANER', 'GZ', 'TH', 4799, 9769, 'HIGH', 20, 50, 4, 'ELDERCARE', '负责相关工作任务', 1, 2, 1, 0, DATE_SUB(NOW(), INTERVAL 13 DAY), NOW()),
(14, '钟点工-14', 'CLEANER', 'SZ', 'NS', 6977, 11695, 'COLLEGE', 20, 50, 0, 'ELDERCARE', '负责相关工作任务', 1, 19, 1, 0, DATE_SUB(NOW(), INTERVAL 14 DAY), NOW()),
(15, '住家保姆-15', 'NANNY', 'GZ', 'YX', 7137, 10462, 'COLLEGE', 20, 50, 1, 'COOKING', '负责相关工作任务', 1, 20, 1, 0, DATE_SUB(NOW(), INTERVAL 15 DAY), NOW()),
(16, '住家保姆-16', 'NANNY', 'GZ', 'TH', 5621, 8186, 'COLLEGE', 20, 50, 4, 'COOKING', '负责相关工作任务', 1, 7, 1, 0, DATE_SUB(NOW(), INTERVAL 16 DAY), NOW()),
(17, '家庭保洁-17', 'CLEANER', 'GZ', 'TH', 7680, 9706, 'COLLEGE', 20, 50, 2, 'ELDERCARE', '负责相关工作任务', 1, 7, 1, 0, DATE_SUB(NOW(), INTERVAL 17 DAY), NOW()),
(18, '家庭保洁-18', 'CLEANER', 'SZ', 'NS', 6093, 10793, 'MIDDLE', 20, 50, 2, 'COOKING', '负责相关工作任务', 1, 4, 1, 0, DATE_SUB(NOW(), INTERVAL 18 DAY), NOW()),
(19, '育儿嫂-19', 'NANNY', 'GZ', 'TH', 4206, 6777, 'MIDDLE', 20, 50, 3, 'COOKING', '负责相关工作任务', 1, 6, 1, 0, DATE_SUB(NOW(), INTERVAL 19 DAY), NOW()),
(20, '家庭保洁-20', 'CLEANER', 'SZ', 'NS', 4600, 9291, 'COLLEGE', 20, 50, 2, 'BABYCARE', '负责相关工作任务', 1, 9, 1, 0, DATE_SUB(NOW(), INTERVAL 20 DAY), NOW()),
(21, '医院保洁-21', 'CLEANER', 'GZ', 'YX', 4068, 6402, 'HIGH', 20, 50, 4, 'COOKING', '负责相关工作任务', 1, 2, 1, 0, DATE_SUB(NOW(), INTERVAL 21 DAY), NOW()),
(22, '医院保洁-22', 'CLEANER', 'SZ', 'NS', 4290, 7028, 'COLLEGE', 20, 50, 3, 'BABYCARE', '负责相关工作任务', 1, 4, 1, 0, DATE_SUB(NOW(), INTERVAL 22 DAY), NOW()),
(23, '护工-23', 'NANNY', 'GZ', 'TH', 6623, 10489, 'HIGH', 20, 50, 4, 'BABYCARE', '负责相关工作任务', 1, 1, 1, 0, DATE_SUB(NOW(), INTERVAL 23 DAY), NOW()),
(24, '医院保洁-24', 'CLEANER', 'GZ', 'TH', 4895, 9885, 'MIDDLE', 20, 50, 1, 'ELDERCARE', '负责相关工作任务', 1, 1, 1, 0, DATE_SUB(NOW(), INTERVAL 24 DAY), NOW()),
(25, '住家保姆-25', 'NANNY', 'GZ', 'TH', 7654, 11677, 'HIGH', 20, 50, 3, 'BABYCARE', '负责相关工作任务', 1, 17, 1, 0, DATE_SUB(NOW(), INTERVAL 25 DAY), NOW()),
(26, '住家保姆-26', 'NANNY', 'SZ', 'FT', 6383, 8855, 'HIGH', 20, 50, 0, 'ELDERCARE', '负责相关工作任务', 1, 16, 1, 0, DATE_SUB(NOW(), INTERVAL 26 DAY), NOW()),
(27, '钟点工-27', 'CLEANER', 'SZ', 'FT', 7224, 10311, 'HIGH', 20, 50, 1, 'COOKING', '负责相关工作任务', 1, 8, 1, 0, DATE_SUB(NOW(), INTERVAL 27 DAY), NOW()),
(28, '钟点工-28', 'CLEANER', 'GZ', 'YX', 6689, 11097, 'COLLEGE', 20, 50, 0, 'BABYCARE', '负责相关工作任务', 1, 7, 1, 0, DATE_SUB(NOW(), INTERVAL 28 DAY), NOW()),
(29, '钟点工-29', 'CLEANER', 'GZ', 'TH', 6257, 9737, 'COLLEGE', 20, 50, 0, 'COOKING', '负责相关工作任务', 1, 3, 1, 0, DATE_SUB(NOW(), INTERVAL 29 DAY), NOW()),
(30, '家庭保洁-30', 'CLEANER', 'GZ', 'TH', 5005, 7692, 'HIGH', 20, 50, 1, 'COOKING', '负责相关工作任务', 1, 15, 1, 0, DATE_SUB(NOW(), INTERVAL 30 DAY), NOW()),
(31, '育儿嫂-31', 'NANNY', 'SZ', 'NS', 4480, 9349, 'HIGH', 20, 50, 5, 'BABYCARE', '负责相关工作任务', 1, 7, 1, 0, DATE_SUB(NOW(), INTERVAL 31 DAY), NOW()),
(32, '护工-32', 'NANNY', 'GZ', 'TH', 6125, 9373, 'HIGH', 20, 50, 2, 'COOKING', '负责相关工作任务', 1, 2, 1, 0, DATE_SUB(NOW(), INTERVAL 32 DAY), NOW()),
(33, '医院保洁-33', 'CLEANER', 'GZ', 'TH', 7507, 10904, 'HIGH', 20, 50, 2, 'ELDERCARE', '负责相关工作任务', 1, 15, 1, 0, DATE_SUB(NOW(), INTERVAL 33 DAY), NOW()),
(34, '护工-34', 'NANNY', 'GZ', 'TH', 6604, 9128, 'MIDDLE', 20, 50, 2, 'BABYCARE', '负责相关工作任务', 1, 16, 1, 0, DATE_SUB(NOW(), INTERVAL 34 DAY), NOW()),
(35, '月嫂-35', 'NANNY', 'SZ', 'FT', 6109, 9053, 'HIGH', 20, 50, 3, 'ELDERCARE', '负责相关工作任务', 1, 14, 1, 0, DATE_SUB(NOW(), INTERVAL 35 DAY), NOW()),
(36, '家庭保洁-36', 'CLEANER', 'SZ', 'NS', 6429, 8836, 'COLLEGE', 20, 50, 3, 'ELDERCARE', '负责相关工作任务', 1, 13, 1, 0, DATE_SUB(NOW(), INTERVAL 36 DAY), NOW()),
(37, '医院保洁-37', 'CLEANER', 'SZ', 'NS', 6279, 9896, 'MIDDLE', 20, 50, 2, 'BABYCARE', '负责相关工作任务', 1, 20, 1, 0, DATE_SUB(NOW(), INTERVAL 37 DAY), NOW()),
(38, '钟点工-38', 'CLEANER', 'SZ', 'NS', 5820, 8343, 'HIGH', 20, 50, 4, 'ELDERCARE', '负责相关工作任务', 1, 3, 1, 0, DATE_SUB(NOW(), INTERVAL 38 DAY), NOW()),
(39, '医院保洁-39', 'CLEANER', 'SZ', 'NS', 6567, 9668, 'HIGH', 20, 50, 3, 'ELDERCARE', '负责相关工作任务', 1, 16, 1, 0, DATE_SUB(NOW(), INTERVAL 39 DAY), NOW()),
(40, '钟点工-40', 'CLEANER', 'SZ', 'FT', 7193, 10286, 'MIDDLE', 20, 50, 4, 'ELDERCARE', '负责相关工作任务', 1, 18, 1, 0, DATE_SUB(NOW(), INTERVAL 40 DAY), NOW()),
(41, '护工-41', 'NANNY', 'SZ', 'FT', 6270, 9911, 'COLLEGE', 20, 50, 1, 'BABYCARE', '负责相关工作任务', 1, 9, 1, 0, DATE_SUB(NOW(), INTERVAL 41 DAY), NOW()),
(42, '育儿嫂-42', 'NANNY', 'GZ', 'TH', 7333, 10967, 'HIGH', 20, 50, 0, 'COOKING', '负责相关工作任务', 1, 10, 1, 0, DATE_SUB(NOW(), INTERVAL 42 DAY), NOW()),
(43, '医院保洁-43', 'CLEANER', 'GZ', 'YX', 5066, 7303, 'HIGH', 20, 50, 4, 'COOKING', '负责相关工作任务', 1, 8, 1, 0, DATE_SUB(NOW(), INTERVAL 43 DAY), NOW()),
(44, '育儿嫂-44', 'NANNY', 'GZ', 'YX', 4412, 8205, 'MIDDLE', 20, 50, 0, 'ELDERCARE', '负责相关工作任务', 1, 6, 1, 0, DATE_SUB(NOW(), INTERVAL 44 DAY), NOW()),
(45, '育儿嫂-45', 'NANNY', 'SZ', 'NS', 5424, 8067, 'MIDDLE', 20, 50, 3, 'COOKING', '负责相关工作任务', 1, 6, 1, 0, DATE_SUB(NOW(), INTERVAL 45 DAY), NOW()),
(46, '育儿嫂-46', 'NANNY', 'GZ', 'TH', 7653, 11415, 'HIGH', 20, 50, 2, 'COOKING', '负责相关工作任务', 1, 2, 1, 0, DATE_SUB(NOW(), INTERVAL 46 DAY), NOW()),
(47, '家庭保洁-47', 'CLEANER', 'GZ', 'YX', 4845, 7714, 'MIDDLE', 20, 50, 3, 'BABYCARE', '负责相关工作任务', 1, 9, 1, 0, DATE_SUB(NOW(), INTERVAL 47 DAY), NOW()),
(48, '医院保洁-48', 'CLEANER', 'GZ', 'YX', 6237, 11003, 'COLLEGE', 20, 50, 0, 'BABYCARE', '负责相关工作任务', 1, 7, 1, 0, DATE_SUB(NOW(), INTERVAL 48 DAY), NOW()),
(49, '医院保洁-49', 'CLEANER', 'GZ', 'YX', 7130, 9759, 'COLLEGE', 20, 50, 1, 'BABYCARE', '负责相关工作任务', 1, 19, 1, 0, DATE_SUB(NOW(), INTERVAL 49 DAY), NOW()),
(50, '月嫂-50', 'NANNY', 'SZ', 'NS', 6474, 9758, 'MIDDLE', 20, 50, 1, 'BABYCARE', '负责相关工作任务', 1, 3, 1, 0, DATE_SUB(NOW(), INTERVAL 50 DAY), NOW()),
(51, '钟点工-51', 'CLEANER', 'GZ', 'TH', 6179, 10545, 'HIGH', 20, 50, 2, 'BABYCARE', '负责相关工作任务', 1, 4, 1, 0, DATE_SUB(NOW(), INTERVAL 51 DAY), NOW()),
(52, '住家保姆-52', 'NANNY', 'GZ', 'YX', 4908, 7550, 'HIGH', 20, 50, 5, 'COOKING', '负责相关工作任务', 1, 2, 1, 0, DATE_SUB(NOW(), INTERVAL 52 DAY), NOW()),
(53, '住家保姆-53', 'NANNY', 'SZ', 'NS', 4637, 6775, 'MIDDLE', 20, 50, 5, 'ELDERCARE', '负责相关工作任务', 1, 14, 1, 0, DATE_SUB(NOW(), INTERVAL 53 DAY), NOW()),
(54, '住家保姆-54', 'NANNY', 'SZ', 'FT', 7773, 11061, 'COLLEGE', 20, 50, 1, 'BABYCARE', '负责相关工作任务', 1, 13, 1, 0, DATE_SUB(NOW(), INTERVAL 54 DAY), NOW()),
(55, '医院保洁-55', 'CLEANER', 'GZ', 'YX', 7588, 10978, 'HIGH', 20, 50, 4, 'BABYCARE', '负责相关工作任务', 1, 18, 1, 0, DATE_SUB(NOW(), INTERVAL 55 DAY), NOW()),
(56, '钟点工-56', 'CLEANER', 'SZ', 'NS', 6710, 11601, 'COLLEGE', 20, 50, 1, 'ELDERCARE', '负责相关工作任务', 1, 10, 1, 0, DATE_SUB(NOW(), INTERVAL 56 DAY), NOW()),
(57, '钟点工-57', 'CLEANER', 'GZ', 'TH', 7927, 12293, 'COLLEGE', 20, 50, 4, 'ELDERCARE', '负责相关工作任务', 1, 20, 1, 0, DATE_SUB(NOW(), INTERVAL 57 DAY), NOW()),
(58, '医院保洁-58', 'CLEANER', 'SZ', 'FT', 4794, 9313, 'MIDDLE', 20, 50, 0, 'BABYCARE', '负责相关工作任务', 1, 5, 1, 0, DATE_SUB(NOW(), INTERVAL 58 DAY), NOW()),
(59, '家庭保洁-59', 'CLEANER', 'GZ', 'YX', 4656, 7235, 'COLLEGE', 20, 50, 3, 'ELDERCARE', '负责相关工作任务', 1, 9, 1, 0, DATE_SUB(NOW(), INTERVAL 59 DAY), NOW()),
(60, '护工-60', 'NANNY', 'SZ', 'FT', 5154, 7377, 'HIGH', 20, 50, 5, 'BABYCARE', '负责相关工作任务', 1, 5, 1, 0, DATE_SUB(NOW(), INTERVAL 60 DAY), NOW()),
(61, '育儿嫂-61', 'NANNY', 'SZ', 'NS', 5172, 10169, 'HIGH', 20, 50, 2, 'ELDERCARE', '负责相关工作任务', 1, 19, 1, 0, DATE_SUB(NOW(), INTERVAL 61 DAY), NOW()),
(62, '钟点工-62', 'CLEANER', 'SZ', 'FT', 6780, 10697, 'COLLEGE', 20, 50, 3, 'ELDERCARE', '负责相关工作任务', 1, 4, 1, 0, DATE_SUB(NOW(), INTERVAL 62 DAY), NOW()),
(63, '钟点工-63', 'CLEANER', 'GZ', 'YX', 6249, 9844, 'COLLEGE', 20, 50, 5, 'COOKING', '负责相关工作任务', 1, 8, 1, 0, DATE_SUB(NOW(), INTERVAL 63 DAY), NOW()),
(64, '住家保姆-64', 'NANNY', 'GZ', 'TH', 5516, 9402, 'COLLEGE', 20, 50, 3, 'BABYCARE', '负责相关工作任务', 1, 9, 1, 0, DATE_SUB(NOW(), INTERVAL 64 DAY), NOW()),
(65, '家庭保洁-65', 'CLEANER', 'SZ', 'FT', 6317, 9337, 'MIDDLE', 20, 50, 4, 'BABYCARE', '负责相关工作任务', 1, 10, 1, 0, DATE_SUB(NOW(), INTERVAL 65 DAY), NOW()),
(66, '医院保洁-66', 'CLEANER', 'SZ', 'FT', 4143, 8806, 'HIGH', 20, 50, 4, 'BABYCARE', '负责相关工作任务', 1, 3, 1, 0, DATE_SUB(NOW(), INTERVAL 66 DAY), NOW()),
(67, '育儿嫂-67', 'NANNY', 'SZ', 'NS', 6293, 9677, 'MIDDLE', 20, 50, 3, 'ELDERCARE', '负责相关工作任务', 1, 3, 1, 0, DATE_SUB(NOW(), INTERVAL 67 DAY), NOW()),
(68, '钟点工-68', 'CLEANER', 'SZ', 'NS', 6936, 9526, 'HIGH', 20, 50, 4, 'ELDERCARE', '负责相关工作任务', 1, 7, 1, 0, DATE_SUB(NOW(), INTERVAL 68 DAY), NOW()),
(69, '月嫂-69', 'NANNY', 'SZ', 'FT', 7701, 11933, 'COLLEGE', 20, 50, 5, 'BABYCARE', '负责相关工作任务', 1, 8, 1, 0, DATE_SUB(NOW(), INTERVAL 69 DAY), NOW()),
(70, '育儿嫂-70', 'NANNY', 'GZ', 'TH', 5216, 8936, 'MIDDLE', 20, 50, 0, 'ELDERCARE', '负责相关工作任务', 1, 17, 1, 0, DATE_SUB(NOW(), INTERVAL 70 DAY), NOW()),
(71, '住家保姆-71', 'NANNY', 'GZ', 'YX', 7055, 9800, 'COLLEGE', 20, 50, 0, 'COOKING', '负责相关工作任务', 1, 3, 1, 0, DATE_SUB(NOW(), INTERVAL 71 DAY), NOW()),
(72, '育儿嫂-72', 'NANNY', 'GZ', 'TH', 4041, 6614, 'COLLEGE', 20, 50, 0, 'BABYCARE', '负责相关工作任务', 1, 8, 1, 0, DATE_SUB(NOW(), INTERVAL 72 DAY), NOW()),
(73, '护工-73', 'NANNY', 'SZ', 'NS', 7184, 10042, 'MIDDLE', 20, 50, 0, 'COOKING', '负责相关工作任务', 1, 17, 1, 0, DATE_SUB(NOW(), INTERVAL 73 DAY), NOW()),
(74, '育儿嫂-74', 'NANNY', 'GZ', 'YX', 4667, 7747, 'MIDDLE', 20, 50, 5, 'ELDERCARE', '负责相关工作任务', 1, 10, 1, 0, DATE_SUB(NOW(), INTERVAL 74 DAY), NOW()),
(75, '护工-75', 'NANNY', 'SZ', 'FT', 5872, 9844, 'COLLEGE', 20, 50, 0, 'COOKING', '负责相关工作任务', 1, 9, 1, 0, DATE_SUB(NOW(), INTERVAL 75 DAY), NOW()),
(76, '育儿嫂-76', 'NANNY', 'GZ', 'TH', 5806, 9662, 'MIDDLE', 20, 50, 0, 'ELDERCARE', '负责相关工作任务', 1, 9, 1, 0, DATE_SUB(NOW(), INTERVAL 76 DAY), NOW()),
(77, '月嫂-77', 'NANNY', 'GZ', 'TH', 7527, 12518, 'MIDDLE', 20, 50, 0, 'BABYCARE', '负责相关工作任务', 1, 9, 1, 0, DATE_SUB(NOW(), INTERVAL 77 DAY), NOW()),
(78, '月嫂-78', 'NANNY', 'SZ', 'FT', 6529, 9488, 'HIGH', 20, 50, 3, 'ELDERCARE', '负责相关工作任务', 1, 12, 1, 0, DATE_SUB(NOW(), INTERVAL 78 DAY), NOW()),
(79, '月嫂-79', 'NANNY', 'SZ', 'NS', 5463, 10347, 'COLLEGE', 20, 50, 0, 'ELDERCARE', '负责相关工作任务', 1, 17, 1, 0, DATE_SUB(NOW(), INTERVAL 79 DAY), NOW()),
(80, '钟点工-80', 'CLEANER', 'GZ', 'TH', 4081, 8789, 'COLLEGE', 20, 50, 1, 'ELDERCARE', '负责相关工作任务', 1, 18, 1, 0, DATE_SUB(NOW(), INTERVAL 80 DAY), NOW()),
(81, '钟点工-81', 'CLEANER', 'GZ', 'YX', 6567, 10266, 'HIGH', 20, 50, 4, 'COOKING', '负责相关工作任务', 1, 14, 1, 0, DATE_SUB(NOW(), INTERVAL 81 DAY), NOW()),
(82, '护工-82', 'NANNY', 'SZ', 'NS', 4838, 8937, 'COLLEGE', 20, 50, 4, 'ELDERCARE', '负责相关工作任务', 1, 15, 1, 0, DATE_SUB(NOW(), INTERVAL 82 DAY), NOW()),
(83, '育儿嫂-83', 'NANNY', 'SZ', 'FT', 6862, 10032, 'COLLEGE', 20, 50, 4, 'ELDERCARE', '负责相关工作任务', 1, 5, 1, 0, DATE_SUB(NOW(), INTERVAL 83 DAY), NOW()),
(84, '住家保姆-84', 'NANNY', 'GZ', 'TH', 6261, 9673, 'MIDDLE', 20, 50, 2, 'BABYCARE', '负责相关工作任务', 1, 4, 1, 0, DATE_SUB(NOW(), INTERVAL 84 DAY), NOW()),
(85, '家庭保洁-85', 'CLEANER', 'SZ', 'FT', 7237, 11230, 'HIGH', 20, 50, 4, 'COOKING', '负责相关工作任务', 1, 19, 1, 0, DATE_SUB(NOW(), INTERVAL 85 DAY), NOW()),
(86, '家庭保洁-86', 'CLEANER', 'SZ', 'FT', 4755, 8458, 'MIDDLE', 20, 50, 0, 'COOKING', '负责相关工作任务', 1, 7, 1, 0, DATE_SUB(NOW(), INTERVAL 86 DAY), NOW()),
(87, '育儿嫂-87', 'NANNY', 'SZ', 'NS', 4257, 7123, 'HIGH', 20, 50, 5, 'ELDERCARE', '负责相关工作任务', 1, 19, 1, 0, DATE_SUB(NOW(), INTERVAL 87 DAY), NOW()),
(88, '家庭保洁-88', 'CLEANER', 'GZ', 'YX', 6576, 9535, 'MIDDLE', 20, 50, 1, 'COOKING', '负责相关工作任务', 1, 11, 1, 0, DATE_SUB(NOW(), INTERVAL 88 DAY), NOW()),
(89, '家庭保洁-89', 'CLEANER', 'SZ', 'NS', 4834, 7321, 'COLLEGE', 20, 50, 2, 'COOKING', '负责相关工作任务', 1, 7, 1, 0, DATE_SUB(NOW(), INTERVAL 89 DAY), NOW()),
(90, '家庭保洁-90', 'CLEANER', 'GZ', 'YX', 6519, 10842, 'HIGH', 20, 50, 2, 'BABYCARE', '负责相关工作任务', 1, 12, 1, 0, DATE_SUB(NOW(), INTERVAL 90 DAY), NOW()),
(91, '月嫂-91', 'NANNY', 'GZ', 'TH', 5536, 10469, 'COLLEGE', 20, 50, 2, 'BABYCARE', '负责相关工作任务', 1, 20, 1, 0, DATE_SUB(NOW(), INTERVAL 91 DAY), NOW()),
(92, '住家保姆-92', 'NANNY', 'SZ', 'FT', 6885, 11503, 'HIGH', 20, 50, 0, 'ELDERCARE', '负责相关工作任务', 1, 6, 1, 0, DATE_SUB(NOW(), INTERVAL 92 DAY), NOW()),
(93, '钟点工-93', 'CLEANER', 'GZ', 'YX', 5834, 9259, 'MIDDLE', 20, 50, 1, 'COOKING', '负责相关工作任务', 1, 11, 1, 0, DATE_SUB(NOW(), INTERVAL 93 DAY), NOW()),
(94, '月嫂-94', 'NANNY', 'SZ', 'FT', 4726, 6767, 'MIDDLE', 20, 50, 5, 'ELDERCARE', '负责相关工作任务', 1, 17, 1, 0, DATE_SUB(NOW(), INTERVAL 94 DAY), NOW()),
(95, '钟点工-95', 'CLEANER', 'SZ', 'FT', 6792, 9334, 'COLLEGE', 20, 50, 0, 'BABYCARE', '负责相关工作任务', 1, 11, 1, 0, DATE_SUB(NOW(), INTERVAL 95 DAY), NOW()),
(96, '育儿嫂-96', 'NANNY', 'SZ', 'NS', 7736, 10967, 'MIDDLE', 20, 50, 1, 'ELDERCARE', '负责相关工作任务', 1, 7, 1, 0, DATE_SUB(NOW(), INTERVAL 96 DAY), NOW()),
(97, '月嫂-97', 'NANNY', 'GZ', 'TH', 4147, 7459, 'COLLEGE', 20, 50, 5, 'COOKING', '负责相关工作任务', 1, 14, 1, 0, DATE_SUB(NOW(), INTERVAL 97 DAY), NOW()),
(98, '月嫂-98', 'NANNY', 'SZ', 'FT', 7152, 11612, 'HIGH', 20, 50, 5, 'ELDERCARE', '负责相关工作任务', 1, 13, 1, 0, DATE_SUB(NOW(), INTERVAL 98 DAY), NOW()),
(99, '月嫂-99', 'NANNY', 'GZ', 'YX', 6007, 8642, 'MIDDLE', 20, 50, 0, 'BABYCARE', '负责相关工作任务', 1, 4, 1, 0, DATE_SUB(NOW(), INTERVAL 99 DAY), NOW()),
(100, '钟点工-100', 'CLEANER', 'SZ', 'FT', 5594, 8754, 'HIGH', 20, 50, 3, 'ELDERCARE', '负责相关工作任务', 1, 14, 1, 0, DATE_SUB(NOW(), INTERVAL 100 DAY), NOW()),
(101, '护工-101', 'NANNY', 'GZ', 'YX', 4056, 8810, 'COLLEGE', 20, 50, 5, 'BABYCARE', '负责相关工作任务', 1, 1, 1, 0, DATE_SUB(NOW(), INTERVAL 101 DAY), NOW()),
(102, '育儿嫂-102', 'NANNY', 'GZ', 'TH', 5386, 8057, 'MIDDLE', 20, 50, 1, 'BABYCARE', '负责相关工作任务', 1, 10, 1, 0, DATE_SUB(NOW(), INTERVAL 102 DAY), NOW()),
(103, '家庭保洁-103', 'CLEANER', 'SZ', 'NS', 6192, 10511, 'MIDDLE', 20, 50, 0, 'COOKING', '负责相关工作任务', 1, 3, 1, 0, DATE_SUB(NOW(), INTERVAL 103 DAY), NOW()),
(104, '钟点工-104', 'CLEANER', 'GZ', 'YX', 7808, 12762, 'MIDDLE', 20, 50, 2, 'COOKING', '负责相关工作任务', 1, 3, 1, 0, DATE_SUB(NOW(), INTERVAL 104 DAY), NOW()),
(105, '月嫂-105', 'NANNY', 'SZ', 'FT', 4243, 7791, 'MIDDLE', 20, 50, 4, 'COOKING', '负责相关工作任务', 1, 11, 1, 0, DATE_SUB(NOW(), INTERVAL 105 DAY), NOW()),
(106, '护工-106', 'NANNY', 'GZ', 'YX', 7146, 11831, 'HIGH', 20, 50, 4, 'ELDERCARE', '负责相关工作任务', 1, 4, 1, 0, DATE_SUB(NOW(), INTERVAL 106 DAY), NOW()),
(107, '住家保姆-107', 'NANNY', 'GZ', 'YX', 7430, 11074, 'HIGH', 20, 50, 0, 'ELDERCARE', '负责相关工作任务', 1, 19, 1, 0, DATE_SUB(NOW(), INTERVAL 107 DAY), NOW()),
(108, '家庭保洁-108', 'CLEANER', 'SZ', 'FT', 6540, 8608, 'MIDDLE', 20, 50, 2, 'COOKING', '负责相关工作任务', 1, 19, 1, 0, DATE_SUB(NOW(), INTERVAL 108 DAY), NOW()),
(109, '医院保洁-109', 'CLEANER', 'GZ', 'TH', 7602, 11732, 'COLLEGE', 20, 50, 0, 'ELDERCARE', '负责相关工作任务', 1, 2, 1, 0, DATE_SUB(NOW(), INTERVAL 109 DAY), NOW()),
(110, '育儿嫂-110', 'NANNY', 'GZ', 'TH', 5743, 10177, 'MIDDLE', 20, 50, 3, 'COOKING', '负责相关工作任务', 1, 10, 1, 0, DATE_SUB(NOW(), INTERVAL 110 DAY), NOW()),
(111, '住家保姆-111', 'NANNY', 'SZ', 'FT', 7217, 10195, 'MIDDLE', 20, 50, 3, 'BABYCARE', '负责相关工作任务', 1, 4, 1, 0, DATE_SUB(NOW(), INTERVAL 111 DAY), NOW()),
(112, '家庭保洁-112', 'CLEANER', 'SZ', 'NS', 7489, 11402, 'HIGH', 20, 50, 3, 'COOKING', '负责相关工作任务', 1, 9, 1, 0, DATE_SUB(NOW(), INTERVAL 112 DAY), NOW()),
(113, '月嫂-113', 'NANNY', 'SZ', 'NS', 4615, 7797, 'COLLEGE', 20, 50, 4, 'ELDERCARE', '负责相关工作任务', 1, 17, 1, 0, DATE_SUB(NOW(), INTERVAL 113 DAY), NOW()),
(114, '医院保洁-114', 'CLEANER', 'SZ', 'NS', 7698, 11202, 'MIDDLE', 20, 50, 5, 'COOKING', '负责相关工作任务', 1, 19, 1, 0, DATE_SUB(NOW(), INTERVAL 114 DAY), NOW()),
(115, '医院保洁-115', 'CLEANER', 'GZ', 'TH', 6236, 10669, 'HIGH', 20, 50, 3, 'BABYCARE', '负责相关工作任务', 1, 14, 1, 0, DATE_SUB(NOW(), INTERVAL 115 DAY), NOW()),
(116, '住家保姆-116', 'NANNY', 'GZ', 'YX', 7149, 10123, 'COLLEGE', 20, 50, 4, 'COOKING', '负责相关工作任务', 1, 9, 1, 0, DATE_SUB(NOW(), INTERVAL 116 DAY), NOW()),
(117, '护工-117', 'NANNY', 'SZ', 'FT', 4526, 9499, 'MIDDLE', 20, 50, 1, 'BABYCARE', '负责相关工作任务', 1, 3, 1, 0, DATE_SUB(NOW(), INTERVAL 117 DAY), NOW()),
(118, '家庭保洁-118', 'CLEANER', 'SZ', 'NS', 6779, 9374, 'HIGH', 20, 50, 3, 'ELDERCARE', '负责相关工作任务', 1, 5, 1, 0, DATE_SUB(NOW(), INTERVAL 118 DAY), NOW()),
(119, '钟点工-119', 'CLEANER', 'SZ', 'FT', 5953, 8468, 'MIDDLE', 20, 50, 1, 'ELDERCARE', '负责相关工作任务', 1, 2, 1, 0, DATE_SUB(NOW(), INTERVAL 119 DAY), NOW()),
(120, '月嫂-120', 'NANNY', 'GZ', 'YX', 7011, 9893, 'COLLEGE', 20, 50, 0, 'ELDERCARE', '负责相关工作任务', 1, 3, 1, 0, DATE_SUB(NOW(), INTERVAL 120 DAY), NOW());

TRUNCATE TABLE `resume_info`;
INSERT INTO `resume_info` (`id`, `candidate_id`, `job_id`, `real_name`, `phone`, `age`, `education_code`, `experience_years`, `skills`, `expected_city_code`, `self_introduction`, `photo_url`, `screening_score`, `screening_result`, `resume_status`, `status`, `deleted`, `create_time`, `update_time`) VALUES
(1, 105, 102, '吴霞', '13969588779', 39, 'MIDDLE', 8, 'COOKING', 'SZ', '自我介绍', 'https://example.com/photo.png', 92, 1, 4, 1, 0, DATE_SUB(NOW(), INTERVAL 1 HOUR), NOW()),
(2, 86, 21, '沈刚', '13977432454', 38, 'COLLEGE', 7, 'BABYCARE', 'GZ', '自我介绍', 'https://example.com/photo.png', 87, 0, 2, 1, 0, DATE_SUB(NOW(), INTERVAL 2 HOUR), NOW()),
(3, 47, 94, '卫伟', '13944206870', 29, 'COLLEGE', 3, 'BABYCARE', 'SZ', '自我介绍', 'https://example.com/photo.png', 86, 1, 4, 1, 0, DATE_SUB(NOW(), INTERVAL 3 HOUR), NOW()),
(4, 36, 36, '周伟', '13940122722', 35, 'MIDDLE', 2, 'BABYCARE', 'GZ', '自我介绍', 'https://example.com/photo.png', 98, 2, 4, 1, 0, DATE_SUB(NOW(), INTERVAL 4 HOUR), NOW()),
(5, 50, 50, '许娟', '13961155056', 40, 'HIGH', 5, 'ELDERCARE', 'GZ', '自我介绍', 'https://example.com/photo.png', 91, 0, 2, 1, 0, DATE_SUB(NOW(), INTERVAL 5 HOUR), NOW()),
(6, 20, 96, '冯芳', '13952773972', 39, 'COLLEGE', 8, 'ELDERCARE', 'GZ', '自我介绍', 'https://example.com/photo.png', 95, 0, 4, 1, 0, DATE_SUB(NOW(), INTERVAL 6 HOUR), NOW()),
(7, 94, 52, '赵芳', '13950811442', 25, 'MIDDLE', 5, 'COOKING', 'SZ', '自我介绍', 'https://example.com/photo.png', 74, 1, 2, 1, 0, DATE_SUB(NOW(), INTERVAL 7 HOUR), NOW()),
(8, 120, 25, '周涛', '13987031976', 44, 'COLLEGE', 5, 'ELDERCARE', 'GZ', '自我介绍', 'https://example.com/photo.png', 62, 2, 1, 1, 0, DATE_SUB(NOW(), INTERVAL 8 HOUR), NOW()),
(9, 54, 66, '郑静', '13931005988', 37, 'HIGH', 1, 'COOKING', 'GZ', '自我介绍', 'https://example.com/photo.png', 93, 2, 3, 1, 0, DATE_SUB(NOW(), INTERVAL 9 HOUR), NOW()),
(10, 112, 71, '杨军', '13944181544', 23, 'MIDDLE', 3, 'BABYCARE', 'SZ', '自我介绍', 'https://example.com/photo.png', 81, 2, 4, 1, 0, DATE_SUB(NOW(), INTERVAL 10 HOUR), NOW()),
(11, 1, 83, '卫娟', '13978781936', 21, 'MIDDLE', 5, 'COOKING', 'SZ', '自我介绍', 'https://example.com/photo.png', 79, 1, 4, 1, 0, DATE_SUB(NOW(), INTERVAL 11 HOUR), NOW()),
(12, 1, 10, '杨磊', '13971082539', 28, 'MIDDLE', 5, 'BABYCARE', 'GZ', '自我介绍', 'https://example.com/photo.png', 72, 1, 1, 1, 0, DATE_SUB(NOW(), INTERVAL 12 HOUR), NOW()),
(13, 115, 25, '赵涛', '13910470492', 36, 'MIDDLE', 5, 'COOKING', 'GZ', '自我介绍', 'https://example.com/photo.png', 89, 1, 2, 1, 0, DATE_SUB(NOW(), INTERVAL 13 HOUR), NOW()),
(14, 35, 36, '郑超', '13962203868', 21, 'COLLEGE', 9, 'ELDERCARE', 'SZ', '自我介绍', 'https://example.com/photo.png', 91, 1, 1, 1, 0, DATE_SUB(NOW(), INTERVAL 14 HOUR), NOW()),
(15, 57, 64, '王伟', '13966931424', 35, 'MIDDLE', 9, 'COOKING', 'SZ', '自我介绍', 'https://example.com/photo.png', 66, 1, 4, 1, 0, DATE_SUB(NOW(), INTERVAL 15 HOUR), NOW()),
(16, 104, 88, '郑杰', '13978111994', 27, 'HIGH', 1, 'BABYCARE', 'SZ', '自我介绍', 'https://example.com/photo.png', 99, 0, 2, 1, 0, DATE_SUB(NOW(), INTERVAL 16 HOUR), NOW()),
(17, 99, 40, '周勇', '13984753303', 29, 'COLLEGE', 9, 'ELDERCARE', 'SZ', '自我介绍', 'https://example.com/photo.png', 91, 1, 4, 1, 0, DATE_SUB(NOW(), INTERVAL 17 HOUR), NOW()),
(18, 72, 49, '蒋平', '13988645366', 49, 'HIGH', 3, 'BABYCARE', 'SZ', '自我介绍', 'https://example.com/photo.png', 89, 2, 2, 1, 0, DATE_SUB(NOW(), INTERVAL 18 HOUR), NOW()),
(19, 102, 39, '陈强', '13993221064', 42, 'MIDDLE', 8, 'COOKING', 'GZ', '自我介绍', 'https://example.com/photo.png', 66, 1, 2, 1, 0, DATE_SUB(NOW(), INTERVAL 19 HOUR), NOW()),
(20, 15, 118, '韩军', '13931741255', 32, 'COLLEGE', 9, 'ELDERCARE', 'GZ', '自我介绍', 'https://example.com/photo.png', 71, 0, 1, 1, 0, DATE_SUB(NOW(), INTERVAL 20 HOUR), NOW()),
(21, 14, 22, '郑艳', '13957060338', 28, 'HIGH', 3, 'ELDERCARE', 'GZ', '自我介绍', 'https://example.com/photo.png', 90, 2, 4, 1, 0, DATE_SUB(NOW(), INTERVAL 21 HOUR), NOW()),
(22, 53, 62, '冯静', '13924064852', 46, 'HIGH', 5, 'BABYCARE', 'GZ', '自我介绍', 'https://example.com/photo.png', 63, 1, 4, 1, 0, DATE_SUB(NOW(), INTERVAL 22 HOUR), NOW()),
(23, 111, 46, '钱敏', '13963226049', 47, 'HIGH', 1, 'BABYCARE', 'GZ', '自我介绍', 'https://example.com/photo.png', 81, 2, 1, 1, 0, DATE_SUB(NOW(), INTERVAL 23 HOUR), NOW()),
(24, 119, 85, '秦军', '13942585105', 43, 'HIGH', 3, 'COOKING', 'GZ', '自我介绍', 'https://example.com/photo.png', 90, 1, 4, 1, 0, DATE_SUB(NOW(), INTERVAL 24 HOUR), NOW()),
(25, 43, 63, '蒋杰', '13944277494', 20, 'MIDDLE', 7, 'COOKING', 'GZ', '自我介绍', 'https://example.com/photo.png', 78, 1, 3, 1, 0, DATE_SUB(NOW(), INTERVAL 25 HOUR), NOW()),
(26, 82, 65, '赵强', '13919959186', 24, 'COLLEGE', 10, 'COOKING', 'GZ', '自我介绍', 'https://example.com/photo.png', 69, 2, 2, 1, 0, DATE_SUB(NOW(), INTERVAL 26 HOUR), NOW()),
(27, 32, 83, '赵艳', '13967697226', 22, 'COLLEGE', 7, 'BABYCARE', 'SZ', '自我介绍', 'https://example.com/photo.png', 68, 1, 4, 1, 0, DATE_SUB(NOW(), INTERVAL 27 HOUR), NOW()),
(28, 45, 14, '孙超', '13989095360', 46, 'MIDDLE', 3, 'ELDERCARE', 'GZ', '自我介绍', 'https://example.com/photo.png', 89, 1, 1, 1, 0, DATE_SUB(NOW(), INTERVAL 28 HOUR), NOW()),
(29, 22, 112, '王明', '13963696065', 30, 'HIGH', 8, 'BABYCARE', 'SZ', '自我介绍', 'https://example.com/photo.png', 69, 0, 4, 1, 0, DATE_SUB(NOW(), INTERVAL 29 HOUR), NOW()),
(30, 87, 110, '秦静', '13918368611', 32, 'COLLEGE', 1, 'ELDERCARE', 'SZ', '自我介绍', 'https://example.com/photo.png', 97, 0, 4, 1, 0, DATE_SUB(NOW(), INTERVAL 30 HOUR), NOW()),
(31, 87, 111, '沈艳', '13975054735', 31, 'HIGH', 8, 'COOKING', 'GZ', '自我介绍', 'https://example.com/photo.png', 74, 2, 1, 1, 0, DATE_SUB(NOW(), INTERVAL 31 HOUR), NOW()),
(32, 13, 6, '吴娜', '13987291675', 27, 'MIDDLE', 7, 'COOKING', 'SZ', '自我介绍', 'https://example.com/photo.png', 74, 2, 1, 1, 0, DATE_SUB(NOW(), INTERVAL 32 HOUR), NOW()),
(33, 71, 9, '沈超', '13928718346', 41, 'MIDDLE', 9, 'BABYCARE', 'GZ', '自我介绍', 'https://example.com/photo.png', 93, 0, 4, 1, 0, DATE_SUB(NOW(), INTERVAL 33 HOUR), NOW()),
(34, 28, 86, '陈强', '13980349820', 25, 'COLLEGE', 2, 'ELDERCARE', 'GZ', '自我介绍', 'https://example.com/photo.png', 76, 2, 1, 1, 0, DATE_SUB(NOW(), INTERVAL 34 HOUR), NOW()),
(35, 9, 34, '冯超', '13981626668', 43, 'MIDDLE', 8, 'COOKING', 'SZ', '自我介绍', 'https://example.com/photo.png', 66, 1, 3, 1, 0, DATE_SUB(NOW(), INTERVAL 35 HOUR), NOW()),
(36, 95, 77, '韩明', '13938264495', 46, 'COLLEGE', 5, 'BABYCARE', 'GZ', '自我介绍', 'https://example.com/photo.png', 80, 1, 3, 1, 0, DATE_SUB(NOW(), INTERVAL 36 HOUR), NOW()),
(37, 37, 91, '沈艳', '13999485487', 37, 'MIDDLE', 3, 'BABYCARE', 'GZ', '自我介绍', 'https://example.com/photo.png', 84, 0, 2, 1, 0, DATE_SUB(NOW(), INTERVAL 37 HOUR), NOW()),
(38, 110, 99, '郑洋', '13985096549', 47, 'HIGH', 5, 'BABYCARE', 'GZ', '自我介绍', 'https://example.com/photo.png', 95, 2, 2, 1, 0, DATE_SUB(NOW(), INTERVAL 38 HOUR), NOW()),
(39, 84, 46, '秦洋', '13978529430', 50, 'HIGH', 5, 'COOKING', 'GZ', '自我介绍', 'https://example.com/photo.png', 66, 2, 3, 1, 0, DATE_SUB(NOW(), INTERVAL 39 HOUR), NOW()),
(40, 54, 120, '钱娟', '13928729355', 29, 'MIDDLE', 5, 'ELDERCARE', 'SZ', '自我介绍', 'https://example.com/photo.png', 61, 0, 1, 1, 0, DATE_SUB(NOW(), INTERVAL 40 HOUR), NOW()),
(41, 62, 21, '沈艳', '13987828141', 46, 'HIGH', 2, 'BABYCARE', 'SZ', '自我介绍', 'https://example.com/photo.png', 85, 1, 1, 1, 0, DATE_SUB(NOW(), INTERVAL 41 HOUR), NOW()),
(42, 34, 67, '蒋磊', '13965759982', 23, 'HIGH', 8, 'ELDERCARE', 'SZ', '自我介绍', 'https://example.com/photo.png', 87, 1, 2, 1, 0, DATE_SUB(NOW(), INTERVAL 42 HOUR), NOW()),
(43, 107, 51, '韩娜', '13968645628', 28, 'MIDDLE', 2, 'BABYCARE', 'SZ', '自我介绍', 'https://example.com/photo.png', 79, 2, 4, 1, 0, DATE_SUB(NOW(), INTERVAL 43 HOUR), NOW()),
(44, 103, 84, '钱霞', '13950161058', 25, 'COLLEGE', 10, 'COOKING', 'GZ', '自我介绍', 'https://example.com/photo.png', 94, 1, 3, 1, 0, DATE_SUB(NOW(), INTERVAL 44 HOUR), NOW()),
(45, 50, 42, '杨娟', '13932570275', 28, 'MIDDLE', 9, 'BABYCARE', 'GZ', '自我介绍', 'https://example.com/photo.png', 61, 0, 3, 1, 0, DATE_SUB(NOW(), INTERVAL 45 HOUR), NOW()),
(46, 38, 46, '郑霞', '13921136763', 30, 'COLLEGE', 8, 'COOKING', 'SZ', '自我介绍', 'https://example.com/photo.png', 66, 2, 2, 1, 0, DATE_SUB(NOW(), INTERVAL 46 HOUR), NOW()),
(47, 42, 5, '钱静', '13964777930', 46, 'HIGH', 3, 'ELDERCARE', 'GZ', '自我介绍', 'https://example.com/photo.png', 65, 1, 3, 1, 0, DATE_SUB(NOW(), INTERVAL 47 HOUR), NOW()),
(48, 99, 44, '李超', '13933333789', 20, 'COLLEGE', 8, 'COOKING', 'GZ', '自我介绍', 'https://example.com/photo.png', 72, 2, 3, 1, 0, DATE_SUB(NOW(), INTERVAL 48 HOUR), NOW()),
(49, 102, 117, '周刚', '13918478912', 40, 'HIGH', 1, 'COOKING', 'GZ', '自我介绍', 'https://example.com/photo.png', 61, 0, 4, 1, 0, DATE_SUB(NOW(), INTERVAL 49 HOUR), NOW()),
(50, 1, 29, '冯娜', '13923579763', 28, 'HIGH', 2, 'BABYCARE', 'GZ', '自我介绍', 'https://example.com/photo.png', 85, 1, 4, 1, 0, DATE_SUB(NOW(), INTERVAL 50 HOUR), NOW()),
(51, 94, 71, '赵洋', '13958407154', 37, 'MIDDLE', 8, 'COOKING', 'SZ', '自我介绍', 'https://example.com/photo.png', 94, 1, 4, 1, 0, DATE_SUB(NOW(), INTERVAL 51 HOUR), NOW()),
(52, 114, 33, '秦刚', '13913969383', 49, 'COLLEGE', 4, 'ELDERCARE', 'GZ', '自我介绍', 'https://example.com/photo.png', 63, 0, 3, 1, 0, DATE_SUB(NOW(), INTERVAL 52 HOUR), NOW()),
(53, 107, 94, '尤超', '13971868447', 27, 'MIDDLE', 10, 'ELDERCARE', 'SZ', '自我介绍', 'https://example.com/photo.png', 80, 0, 1, 1, 0, DATE_SUB(NOW(), INTERVAL 53 HOUR), NOW()),
(54, 41, 75, '朱娟', '13993715745', 22, 'COLLEGE', 5, 'COOKING', 'GZ', '自我介绍', 'https://example.com/photo.png', 80, 0, 1, 1, 0, DATE_SUB(NOW(), INTERVAL 54 HOUR), NOW()),
(55, 21, 102, '李刚', '13957811025', 26, 'HIGH', 2, 'ELDERCARE', 'SZ', '自我介绍', 'https://example.com/photo.png', 83, 0, 1, 1, 0, DATE_SUB(NOW(), INTERVAL 55 HOUR), NOW()),
(56, 33, 29, '卫霞', '13950434599', 32, 'COLLEGE', 5, 'COOKING', 'GZ', '自我介绍', 'https://example.com/photo.png', 80, 2, 4, 1, 0, DATE_SUB(NOW(), INTERVAL 56 HOUR), NOW()),
(57, 41, 112, '冯敏', '13989752718', 49, 'COLLEGE', 8, 'COOKING', 'GZ', '自我介绍', 'https://example.com/photo.png', 71, 1, 1, 1, 0, DATE_SUB(NOW(), INTERVAL 57 HOUR), NOW()),
(58, 6, 105, '杨超', '13975831681', 37, 'HIGH', 1, 'COOKING', 'GZ', '自我介绍', 'https://example.com/photo.png', 73, 0, 1, 1, 0, DATE_SUB(NOW(), INTERVAL 58 HOUR), NOW()),
(59, 99, 100, '冯勇', '13925196306', 48, 'COLLEGE', 4, 'BABYCARE', 'SZ', '自我介绍', 'https://example.com/photo.png', 66, 1, 4, 1, 0, DATE_SUB(NOW(), INTERVAL 59 HOUR), NOW()),
(60, 91, 90, '尤霞', '13966189621', 31, 'MIDDLE', 2, 'ELDERCARE', 'GZ', '自我介绍', 'https://example.com/photo.png', 61, 1, 4, 1, 0, DATE_SUB(NOW(), INTERVAL 60 HOUR), NOW()),
(61, 120, 106, '李芳', '13936978396', 37, 'MIDDLE', 9, 'COOKING', 'SZ', '自我介绍', 'https://example.com/photo.png', 63, 2, 2, 1, 0, DATE_SUB(NOW(), INTERVAL 61 HOUR), NOW()),
(62, 93, 5, '钱涛', '13953854032', 40, 'HIGH', 2, 'BABYCARE', 'GZ', '自我介绍', 'https://example.com/photo.png', 91, 2, 2, 1, 0, DATE_SUB(NOW(), INTERVAL 62 HOUR), NOW()),
(63, 73, 74, '褚娟', '13991546696', 31, 'COLLEGE', 10, 'COOKING', 'SZ', '自我介绍', 'https://example.com/photo.png', 93, 1, 4, 1, 0, DATE_SUB(NOW(), INTERVAL 63 HOUR), NOW()),
(64, 109, 39, '沈娟', '13938280803', 35, 'MIDDLE', 5, 'COOKING', 'SZ', '自我介绍', 'https://example.com/photo.png', 98, 2, 2, 1, 0, DATE_SUB(NOW(), INTERVAL 64 HOUR), NOW()),
(65, 86, 94, '沈强', '13995711237', 44, 'MIDDLE', 5, 'COOKING', 'GZ', '自我介绍', 'https://example.com/photo.png', 69, 1, 4, 1, 0, DATE_SUB(NOW(), INTERVAL 65 HOUR), NOW()),
(66, 34, 6, '赵芳', '13910916298', 28, 'HIGH', 3, 'ELDERCARE', 'GZ', '自我介绍', 'https://example.com/photo.png', 68, 0, 1, 1, 0, DATE_SUB(NOW(), INTERVAL 66 HOUR), NOW()),
(67, 117, 18, '尤敏', '13923119663', 29, 'MIDDLE', 10, 'ELDERCARE', 'SZ', '自我介绍', 'https://example.com/photo.png', 76, 0, 2, 1, 0, DATE_SUB(NOW(), INTERVAL 67 HOUR), NOW()),
(68, 78, 70, '褚秀英', '13998387991', 24, 'COLLEGE', 5, 'COOKING', 'SZ', '自我介绍', 'https://example.com/photo.png', 89, 2, 2, 1, 0, DATE_SUB(NOW(), INTERVAL 68 HOUR), NOW()),
(69, 28, 90, '孙勇', '13974803179', 22, 'HIGH', 1, 'COOKING', 'SZ', '自我介绍', 'https://example.com/photo.png', 71, 2, 3, 1, 0, DATE_SUB(NOW(), INTERVAL 69 HOUR), NOW()),
(70, 78, 109, '郑伟', '13982298251', 21, 'HIGH', 4, 'BABYCARE', 'GZ', '自我介绍', 'https://example.com/photo.png', 70, 2, 1, 1, 0, DATE_SUB(NOW(), INTERVAL 70 HOUR), NOW()),
(71, 116, 39, '陈刚', '13955086936', 21, 'MIDDLE', 5, 'ELDERCARE', 'GZ', '自我介绍', 'https://example.com/photo.png', 98, 2, 2, 1, 0, DATE_SUB(NOW(), INTERVAL 71 HOUR), NOW()),
(72, 69, 107, '李军', '13956542951', 45, 'MIDDLE', 9, 'COOKING', 'SZ', '自我介绍', 'https://example.com/photo.png', 100, 1, 3, 1, 0, DATE_SUB(NOW(), INTERVAL 72 HOUR), NOW()),
(73, 120, 80, '韩平', '13959105660', 47, 'MIDDLE', 1, 'COOKING', 'GZ', '自我介绍', 'https://example.com/photo.png', 87, 1, 2, 1, 0, DATE_SUB(NOW(), INTERVAL 73 HOUR), NOW()),
(74, 118, 65, '赵军', '13985444488', 34, 'HIGH', 2, 'ELDERCARE', 'SZ', '自我介绍', 'https://example.com/photo.png', 71, 0, 1, 1, 0, DATE_SUB(NOW(), INTERVAL 74 HOUR), NOW()),
(75, 12, 17, '蒋霞', '13917350222', 46, 'COLLEGE', 5, 'BABYCARE', 'SZ', '自我介绍', 'https://example.com/photo.png', 80, 1, 2, 1, 0, DATE_SUB(NOW(), INTERVAL 75 HOUR), NOW()),
(76, 62, 51, '朱艳', '13953166796', 49, 'COLLEGE', 2, 'BABYCARE', 'GZ', '自我介绍', 'https://example.com/photo.png', 64, 1, 3, 1, 0, DATE_SUB(NOW(), INTERVAL 76 HOUR), NOW()),
(77, 118, 70, '吴明', '13970215824', 36, 'HIGH', 10, 'ELDERCARE', 'GZ', '自我介绍', 'https://example.com/photo.png', 66, 1, 4, 1, 0, DATE_SUB(NOW(), INTERVAL 77 HOUR), NOW()),
(78, 91, 95, '许磊', '13965458691', 31, 'HIGH', 4, 'ELDERCARE', 'SZ', '自我介绍', 'https://example.com/photo.png', 87, 2, 2, 1, 0, DATE_SUB(NOW(), INTERVAL 78 HOUR), NOW()),
(79, 5, 78, '李军', '13989614877', 26, 'HIGH', 8, 'COOKING', 'SZ', '自我介绍', 'https://example.com/photo.png', 83, 2, 2, 1, 0, DATE_SUB(NOW(), INTERVAL 79 HOUR), NOW()),
(80, 55, 45, '赵洋', '13925620558', 45, 'HIGH', 9, 'BABYCARE', 'SZ', '自我介绍', 'https://example.com/photo.png', 86, 1, 3, 1, 0, DATE_SUB(NOW(), INTERVAL 80 HOUR), NOW()),
(81, 8, 46, '尤超', '13984131736', 31, 'COLLEGE', 7, 'BABYCARE', 'SZ', '自我介绍', 'https://example.com/photo.png', 75, 0, 1, 1, 0, DATE_SUB(NOW(), INTERVAL 81 HOUR), NOW()),
(82, 75, 11, '赵娜', '13990387340', 23, 'MIDDLE', 7, 'ELDERCARE', 'GZ', '自我介绍', 'https://example.com/photo.png', 94, 0, 2, 1, 0, DATE_SUB(NOW(), INTERVAL 82 HOUR), NOW()),
(83, 61, 93, '褚敏', '13913817320', 20, 'MIDDLE', 1, 'BABYCARE', 'SZ', '自我介绍', 'https://example.com/photo.png', 98, 2, 4, 1, 0, DATE_SUB(NOW(), INTERVAL 83 HOUR), NOW()),
(84, 110, 120, '尤涛', '13928407264', 37, 'MIDDLE', 4, 'COOKING', 'SZ', '自我介绍', 'https://example.com/photo.png', 99, 1, 1, 1, 0, DATE_SUB(NOW(), INTERVAL 84 HOUR), NOW()),
(85, 53, 59, '沈军', '13959284070', 46, 'COLLEGE', 1, 'BABYCARE', 'GZ', '自我介绍', 'https://example.com/photo.png', 68, 0, 2, 1, 0, DATE_SUB(NOW(), INTERVAL 85 HOUR), NOW()),
(86, 22, 89, '朱娟', '13987244230', 50, 'COLLEGE', 6, 'BABYCARE', 'SZ', '自我介绍', 'https://example.com/photo.png', 94, 2, 3, 1, 0, DATE_SUB(NOW(), INTERVAL 86 HOUR), NOW()),
(87, 63, 119, '王勇', '13944008619', 36, 'MIDDLE', 7, 'COOKING', 'GZ', '自我介绍', 'https://example.com/photo.png', 84, 1, 2, 1, 0, DATE_SUB(NOW(), INTERVAL 87 HOUR), NOW()),
(88, 65, 105, '赵洋', '13975041583', 35, 'COLLEGE', 7, 'BABYCARE', 'GZ', '自我介绍', 'https://example.com/photo.png', 72, 0, 4, 1, 0, DATE_SUB(NOW(), INTERVAL 88 HOUR), NOW()),
(89, 11, 15, '冯艳', '13961667248', 22, 'COLLEGE', 4, 'COOKING', 'SZ', '自我介绍', 'https://example.com/photo.png', 64, 2, 1, 1, 0, DATE_SUB(NOW(), INTERVAL 89 HOUR), NOW()),
(90, 88, 30, '王强', '13970457501', 36, 'COLLEGE', 8, 'BABYCARE', 'GZ', '自我介绍', 'https://example.com/photo.png', 62, 1, 4, 1, 0, DATE_SUB(NOW(), INTERVAL 90 HOUR), NOW()),
(91, 98, 106, '尤秀英', '13934666884', 29, 'COLLEGE', 5, 'ELDERCARE', 'SZ', '自我介绍', 'https://example.com/photo.png', 76, 2, 3, 1, 0, DATE_SUB(NOW(), INTERVAL 91 HOUR), NOW()),
(92, 89, 4, '赵超', '13982777538', 42, 'COLLEGE', 4, 'ELDERCARE', 'GZ', '自我介绍', 'https://example.com/photo.png', 62, 2, 3, 1, 0, DATE_SUB(NOW(), INTERVAL 92 HOUR), NOW()),
(93, 49, 93, '尤超', '13960649699', 40, 'HIGH', 1, 'ELDERCARE', 'GZ', '自我介绍', 'https://example.com/photo.png', 93, 0, 2, 1, 0, DATE_SUB(NOW(), INTERVAL 93 HOUR), NOW()),
(94, 62, 18, '孙洋', '13952621607', 32, 'HIGH', 1, 'ELDERCARE', 'GZ', '自我介绍', 'https://example.com/photo.png', 62, 0, 3, 1, 0, DATE_SUB(NOW(), INTERVAL 94 HOUR), NOW()),
(95, 22, 53, '陈静', '13958249748', 46, 'MIDDLE', 6, 'ELDERCARE', 'GZ', '自我介绍', 'https://example.com/photo.png', 76, 1, 2, 1, 0, DATE_SUB(NOW(), INTERVAL 95 HOUR), NOW()),
(96, 19, 118, '冯超', '13960358923', 48, 'MIDDLE', 7, 'COOKING', 'GZ', '自我介绍', 'https://example.com/photo.png', 100, 2, 3, 1, 0, DATE_SUB(NOW(), INTERVAL 96 HOUR), NOW()),
(97, 50, 11, '冯超', '13923890657', 24, 'COLLEGE', 7, 'COOKING', 'GZ', '自我介绍', 'https://example.com/photo.png', 95, 1, 2, 1, 0, DATE_SUB(NOW(), INTERVAL 97 HOUR), NOW()),
(98, 60, 1, '沈强', '13993558814', 22, 'HIGH', 10, 'ELDERCARE', 'SZ', '自我介绍', 'https://example.com/photo.png', 97, 0, 3, 1, 0, DATE_SUB(NOW(), INTERVAL 98 HOUR), NOW()),
(99, 56, 98, '蒋强', '13994443779', 25, 'COLLEGE', 4, 'ELDERCARE', 'SZ', '自我介绍', 'https://example.com/photo.png', 91, 2, 3, 1, 0, DATE_SUB(NOW(), INTERVAL 99 HOUR), NOW()),
(100, 3, 95, '孙磊', '13972438018', 25, 'HIGH', 2, 'BABYCARE', 'GZ', '自我介绍', 'https://example.com/photo.png', 81, 1, 3, 1, 0, DATE_SUB(NOW(), INTERVAL 100 HOUR), NOW()),
(101, 16, 3, '卫勇', '13978719661', 28, 'HIGH', 10, 'COOKING', 'GZ', '自我介绍', 'https://example.com/photo.png', 88, 2, 4, 1, 0, DATE_SUB(NOW(), INTERVAL 101 HOUR), NOW()),
(102, 95, 8, '王刚', '13979873738', 38, 'COLLEGE', 7, 'ELDERCARE', 'GZ', '自我介绍', 'https://example.com/photo.png', 72, 0, 2, 1, 0, DATE_SUB(NOW(), INTERVAL 102 HOUR), NOW()),
(103, 109, 29, '钱涛', '13916935708', 49, 'MIDDLE', 3, 'BABYCARE', 'SZ', '自我介绍', 'https://example.com/photo.png', 81, 1, 4, 1, 0, DATE_SUB(NOW(), INTERVAL 103 HOUR), NOW()),
(104, 5, 35, '郑芳', '13948698644', 27, 'COLLEGE', 10, 'COOKING', 'GZ', '自我介绍', 'https://example.com/photo.png', 70, 2, 4, 1, 0, DATE_SUB(NOW(), INTERVAL 104 HOUR), NOW()),
(105, 100, 5, '杨刚', '13950566082', 37, 'COLLEGE', 4, 'ELDERCARE', 'SZ', '自我介绍', 'https://example.com/photo.png', 84, 2, 1, 1, 0, DATE_SUB(NOW(), INTERVAL 105 HOUR), NOW()),
(106, 105, 120, '褚敏', '13939061142', 32, 'HIGH', 8, 'COOKING', 'GZ', '自我介绍', 'https://example.com/photo.png', 76, 0, 1, 1, 0, DATE_SUB(NOW(), INTERVAL 106 HOUR), NOW()),
(107, 105, 113, '尤强', '13952265886', 27, 'COLLEGE', 9, 'COOKING', 'SZ', '自我介绍', 'https://example.com/photo.png', 67, 2, 2, 1, 0, DATE_SUB(NOW(), INTERVAL 107 HOUR), NOW()),
(108, 54, 93, '杨艳', '13941478875', 36, 'COLLEGE', 3, 'ELDERCARE', 'SZ', '自我介绍', 'https://example.com/photo.png', 80, 2, 1, 1, 0, DATE_SUB(NOW(), INTERVAL 108 HOUR), NOW()),
(109, 57, 45, '赵静', '13991429593', 25, 'COLLEGE', 5, 'BABYCARE', 'GZ', '自我介绍', 'https://example.com/photo.png', 75, 1, 4, 1, 0, DATE_SUB(NOW(), INTERVAL 109 HOUR), NOW()),
(110, 52, 21, '周敏', '13933596824', 42, 'MIDDLE', 3, 'COOKING', 'GZ', '自我介绍', 'https://example.com/photo.png', 65, 2, 2, 1, 0, DATE_SUB(NOW(), INTERVAL 110 HOUR), NOW()),
(111, 68, 119, '吴洋', '13930281852', 31, 'MIDDLE', 8, 'COOKING', 'GZ', '自我介绍', 'https://example.com/photo.png', 89, 1, 1, 1, 0, DATE_SUB(NOW(), INTERVAL 111 HOUR), NOW()),
(112, 59, 76, '尤平', '13918068463', 45, 'MIDDLE', 8, 'ELDERCARE', 'GZ', '自我介绍', 'https://example.com/photo.png', 99, 0, 2, 1, 0, DATE_SUB(NOW(), INTERVAL 112 HOUR), NOW()),
(113, 102, 75, '钱芳', '13960754058', 47, 'MIDDLE', 7, 'ELDERCARE', 'SZ', '自我介绍', 'https://example.com/photo.png', 60, 1, 3, 1, 0, DATE_SUB(NOW(), INTERVAL 113 HOUR), NOW()),
(114, 47, 113, '沈平', '13936859520', 30, 'HIGH', 7, 'BABYCARE', 'GZ', '自我介绍', 'https://example.com/photo.png', 66, 0, 1, 1, 0, DATE_SUB(NOW(), INTERVAL 114 HOUR), NOW()),
(115, 111, 9, '秦涛', '13955663532', 27, 'HIGH', 5, 'COOKING', 'SZ', '自我介绍', 'https://example.com/photo.png', 82, 2, 1, 1, 0, DATE_SUB(NOW(), INTERVAL 115 HOUR), NOW()),
(116, 98, 63, '卫娟', '13921059678', 32, 'HIGH', 2, 'COOKING', 'SZ', '自我介绍', 'https://example.com/photo.png', 81, 2, 1, 1, 0, DATE_SUB(NOW(), INTERVAL 116 HOUR), NOW()),
(117, 84, 29, '许静', '13984768807', 32, 'MIDDLE', 2, 'ELDERCARE', 'GZ', '自我介绍', 'https://example.com/photo.png', 73, 1, 4, 1, 0, DATE_SUB(NOW(), INTERVAL 117 HOUR), NOW()),
(118, 64, 24, '许娟', '13934880380', 37, 'MIDDLE', 1, 'COOKING', 'SZ', '自我介绍', 'https://example.com/photo.png', 91, 0, 1, 1, 0, DATE_SUB(NOW(), INTERVAL 118 HOUR), NOW()),
(119, 111, 20, '赵娜', '13978429585', 50, 'MIDDLE', 5, 'BABYCARE', 'SZ', '自我介绍', 'https://example.com/photo.png', 69, 1, 4, 1, 0, DATE_SUB(NOW(), INTERVAL 119 HOUR), NOW()),
(120, 89, 24, '尤伟', '13972982893', 25, 'MIDDLE', 6, 'COOKING', 'SZ', '自我介绍', 'https://example.com/photo.png', 64, 1, 3, 1, 0, DATE_SUB(NOW(), INTERVAL 120 HOUR), NOW()),
(121, 90, 118, '吴敏', '13955734605', 40, 'COLLEGE', 3, 'ELDERCARE', 'SZ', '自我介绍', 'https://example.com/photo.png', 71, 0, 2, 1, 0, DATE_SUB(NOW(), INTERVAL 121 HOUR), NOW()),
(122, 15, 52, '孙军', '13943568139', 36, 'MIDDLE', 2, 'ELDERCARE', 'GZ', '自我介绍', 'https://example.com/photo.png', 87, 0, 4, 1, 0, DATE_SUB(NOW(), INTERVAL 122 HOUR), NOW()),
(123, 48, 110, '卫磊', '13965290292', 46, 'HIGH', 3, 'ELDERCARE', 'GZ', '自我介绍', 'https://example.com/photo.png', 94, 2, 3, 1, 0, DATE_SUB(NOW(), INTERVAL 123 HOUR), NOW()),
(124, 56, 18, '秦洋', '13919783048', 45, 'MIDDLE', 2, 'BABYCARE', 'SZ', '自我介绍', 'https://example.com/photo.png', 100, 2, 2, 1, 0, DATE_SUB(NOW(), INTERVAL 124 HOUR), NOW()),
(125, 41, 87, '朱芳', '13964495902', 36, 'COLLEGE', 3, 'ELDERCARE', 'GZ', '自我介绍', 'https://example.com/photo.png', 63, 0, 1, 1, 0, DATE_SUB(NOW(), INTERVAL 125 HOUR), NOW()),
(126, 110, 86, '陈艳', '13943907161', 30, 'COLLEGE', 1, 'COOKING', 'SZ', '自我介绍', 'https://example.com/photo.png', 80, 0, 4, 1, 0, DATE_SUB(NOW(), INTERVAL 126 HOUR), NOW()),
(127, 61, 89, '吴刚', '13976415723', 50, 'MIDDLE', 10, 'ELDERCARE', 'SZ', '自我介绍', 'https://example.com/photo.png', 73, 0, 4, 1, 0, DATE_SUB(NOW(), INTERVAL 127 HOUR), NOW()),
(128, 37, 23, '孙敏', '13937367036', 47, 'COLLEGE', 3, 'BABYCARE', 'GZ', '自我介绍', 'https://example.com/photo.png', 83, 0, 3, 1, 0, DATE_SUB(NOW(), INTERVAL 128 HOUR), NOW()),
(129, 84, 40, '褚艳', '13962621502', 23, 'MIDDLE', 6, 'COOKING', 'GZ', '自我介绍', 'https://example.com/photo.png', 65, 2, 3, 1, 0, DATE_SUB(NOW(), INTERVAL 129 HOUR), NOW()),
(130, 73, 45, '陈强', '13935189871', 49, 'HIGH', 6, 'BABYCARE', 'GZ', '自我介绍', 'https://example.com/photo.png', 61, 2, 2, 1, 0, DATE_SUB(NOW(), INTERVAL 130 HOUR), NOW()),
(131, 91, 41, '郑明', '13958674401', 24, 'MIDDLE', 5, 'ELDERCARE', 'SZ', '自我介绍', 'https://example.com/photo.png', 72, 0, 4, 1, 0, DATE_SUB(NOW(), INTERVAL 131 HOUR), NOW()),
(132, 18, 22, '杨敏', '13976157836', 38, 'COLLEGE', 8, 'COOKING', 'GZ', '自我介绍', 'https://example.com/photo.png', 78, 1, 1, 1, 0, DATE_SUB(NOW(), INTERVAL 132 HOUR), NOW()),
(133, 100, 111, '钱杰', '13926013961', 23, 'COLLEGE', 5, 'ELDERCARE', 'SZ', '自我介绍', 'https://example.com/photo.png', 69, 0, 1, 1, 0, DATE_SUB(NOW(), INTERVAL 133 HOUR), NOW()),
(134, 118, 58, '孙军', '13936148060', 24, 'COLLEGE', 8, 'ELDERCARE', 'GZ', '自我介绍', 'https://example.com/photo.png', 90, 0, 4, 1, 0, DATE_SUB(NOW(), INTERVAL 134 HOUR), NOW()),
(135, 35, 113, '李磊', '13928832675', 31, 'MIDDLE', 9, 'BABYCARE', 'GZ', '自我介绍', 'https://example.com/photo.png', 100, 2, 4, 1, 0, DATE_SUB(NOW(), INTERVAL 135 HOUR), NOW()),
(136, 108, 86, '沈静', '13919254126', 45, 'HIGH', 2, 'BABYCARE', 'GZ', '自我介绍', 'https://example.com/photo.png', 80, 0, 4, 1, 0, DATE_SUB(NOW(), INTERVAL 136 HOUR), NOW()),
(137, 97, 80, '朱洋', '13993984237', 37, 'COLLEGE', 10, 'ELDERCARE', 'SZ', '自我介绍', 'https://example.com/photo.png', 84, 0, 3, 1, 0, DATE_SUB(NOW(), INTERVAL 137 HOUR), NOW()),
(138, 17, 56, '杨涛', '13930147617', 46, 'COLLEGE', 7, 'BABYCARE', 'SZ', '自我介绍', 'https://example.com/photo.png', 89, 0, 2, 1, 0, DATE_SUB(NOW(), INTERVAL 138 HOUR), NOW()),
(139, 56, 18, '尤娜', '13995435344', 45, 'COLLEGE', 8, 'BABYCARE', 'GZ', '自我介绍', 'https://example.com/photo.png', 98, 1, 1, 1, 0, DATE_SUB(NOW(), INTERVAL 139 HOUR), NOW()),
(140, 55, 31, '王勇', '13957364649', 22, 'HIGH', 4, 'COOKING', 'GZ', '自我介绍', 'https://example.com/photo.png', 75, 2, 1, 1, 0, DATE_SUB(NOW(), INTERVAL 140 HOUR), NOW()),
(141, 77, 29, '褚勇', '13973908876', 33, 'HIGH', 9, 'COOKING', 'GZ', '自我介绍', 'https://example.com/photo.png', 66, 1, 2, 1, 0, DATE_SUB(NOW(), INTERVAL 141 HOUR), NOW()),
(142, 9, 84, '韩磊', '13981611425', 32, 'HIGH', 5, 'ELDERCARE', 'SZ', '自我介绍', 'https://example.com/photo.png', 91, 1, 3, 1, 0, DATE_SUB(NOW(), INTERVAL 142 HOUR), NOW()),
(143, 22, 77, '钱静', '13917593672', 34, 'COLLEGE', 3, 'COOKING', 'GZ', '自我介绍', 'https://example.com/photo.png', 81, 1, 4, 1, 0, DATE_SUB(NOW(), INTERVAL 143 HOUR), NOW()),
(144, 98, 81, '钱明', '13964338921', 30, 'COLLEGE', 7, 'ELDERCARE', 'GZ', '自我介绍', 'https://example.com/photo.png', 92, 2, 4, 1, 0, DATE_SUB(NOW(), INTERVAL 144 HOUR), NOW()),
(145, 64, 19, '杨杰', '13959015335', 36, 'HIGH', 9, 'ELDERCARE', 'GZ', '自我介绍', 'https://example.com/photo.png', 64, 1, 4, 1, 0, DATE_SUB(NOW(), INTERVAL 145 HOUR), NOW()),
(146, 110, 67, '冯静', '13951028737', 40, 'COLLEGE', 10, 'BABYCARE', 'SZ', '自我介绍', 'https://example.com/photo.png', 64, 0, 4, 1, 0, DATE_SUB(NOW(), INTERVAL 146 HOUR), NOW()),
(147, 88, 57, '秦秀英', '13982914313', 23, 'COLLEGE', 1, 'ELDERCARE', 'SZ', '自我介绍', 'https://example.com/photo.png', 95, 1, 3, 1, 0, DATE_SUB(NOW(), INTERVAL 147 HOUR), NOW()),
(148, 56, 114, '蒋霞', '13974438011', 40, 'HIGH', 10, 'COOKING', 'GZ', '自我介绍', 'https://example.com/photo.png', 66, 0, 1, 1, 0, DATE_SUB(NOW(), INTERVAL 148 HOUR), NOW()),
(149, 48, 87, '许娟', '13983469189', 31, 'HIGH', 4, 'ELDERCARE', 'SZ', '自我介绍', 'https://example.com/photo.png', 78, 1, 4, 1, 0, DATE_SUB(NOW(), INTERVAL 149 HOUR), NOW()),
(150, 76, 77, '陈涛', '13974594445', 25, 'COLLEGE', 7, 'BABYCARE', 'GZ', '自我介绍', 'https://example.com/photo.png', 65, 1, 3, 1, 0, DATE_SUB(NOW(), INTERVAL 150 HOUR), NOW());

TRUNCATE TABLE `interview_schedule`;
INSERT INTO `interview_schedule` (`id`, `resume_id`, `interviewer_id`, `interview_time`, `interview_type`, `interview_location`, `interview_status`, `status`, `deleted`, `create_time`, `update_time`) VALUES
(1, 84, 9, DATE_ADD(NOW(), INTERVAL 1 HOUR), 1, '会议室A', 'CANCELLED', 1, 0, NOW(), NOW()),
(2, 84, 18, DATE_ADD(NOW(), INTERVAL 2 HOUR), 1, '会议室A', 'COMPLETED', 1, 0, NOW(), NOW()),
(3, 107, 13, DATE_ADD(NOW(), INTERVAL 3 HOUR), 1, '会议室A', 'COMPLETED', 1, 0, NOW(), NOW()),
(4, 123, 19, DATE_ADD(NOW(), INTERVAL 4 HOUR), 1, '会议室A', 'CANCELLED', 1, 0, NOW(), NOW()),
(5, 94, 2, DATE_ADD(NOW(), INTERVAL 5 HOUR), 1, '会议室A', 'COMPLETED', 1, 0, NOW(), NOW()),
(6, 99, 11, DATE_ADD(NOW(), INTERVAL 6 HOUR), 1, '会议室A', 'COMPLETED', 1, 0, NOW(), NOW()),
(7, 6, 10, DATE_ADD(NOW(), INTERVAL 7 HOUR), 1, '会议室A', 'CANCELLED', 1, 0, NOW(), NOW()),
(8, 103, 6, DATE_ADD(NOW(), INTERVAL 8 HOUR), 1, '会议室A', 'CANCELLED', 1, 0, NOW(), NOW()),
(9, 90, 5, DATE_ADD(NOW(), INTERVAL 9 HOUR), 1, '会议室A', 'PENDING', 1, 0, NOW(), NOW()),
(10, 133, 12, DATE_ADD(NOW(), INTERVAL 10 HOUR), 1, '会议室A', 'PENDING', 1, 0, NOW(), NOW()),
(11, 62, 3, DATE_ADD(NOW(), INTERVAL 11 HOUR), 1, '会议室A', 'COMPLETED', 1, 0, NOW(), NOW()),
(12, 92, 12, DATE_ADD(NOW(), INTERVAL 12 HOUR), 1, '会议室A', 'COMPLETED', 1, 0, NOW(), NOW()),
(13, 144, 13, DATE_ADD(NOW(), INTERVAL 13 HOUR), 1, '会议室A', 'PENDING', 1, 0, NOW(), NOW()),
(14, 25, 17, DATE_ADD(NOW(), INTERVAL 14 HOUR), 1, '会议室A', 'CANCELLED', 1, 0, NOW(), NOW()),
(15, 134, 6, DATE_ADD(NOW(), INTERVAL 15 HOUR), 1, '会议室A', 'PENDING', 1, 0, NOW(), NOW()),
(16, 61, 16, DATE_ADD(NOW(), INTERVAL 16 HOUR), 1, '会议室A', 'PENDING', 1, 0, NOW(), NOW()),
(17, 11, 18, DATE_ADD(NOW(), INTERVAL 17 HOUR), 1, '会议室A', 'COMPLETED', 1, 0, NOW(), NOW()),
(18, 5, 11, DATE_ADD(NOW(), INTERVAL 18 HOUR), 1, '会议室A', 'CANCELLED', 1, 0, NOW(), NOW()),
(19, 124, 4, DATE_ADD(NOW(), INTERVAL 19 HOUR), 1, '会议室A', 'CANCELLED', 1, 0, NOW(), NOW()),
(20, 123, 20, DATE_ADD(NOW(), INTERVAL 20 HOUR), 1, '会议室A', 'PENDING', 1, 0, NOW(), NOW()),
(21, 42, 4, DATE_ADD(NOW(), INTERVAL 21 HOUR), 1, '会议室A', 'COMPLETED', 1, 0, NOW(), NOW()),
(22, 135, 4, DATE_ADD(NOW(), INTERVAL 22 HOUR), 1, '会议室A', 'COMPLETED', 1, 0, NOW(), NOW()),
(23, 143, 13, DATE_ADD(NOW(), INTERVAL 23 HOUR), 1, '会议室A', 'COMPLETED', 1, 0, NOW(), NOW()),
(24, 112, 8, DATE_ADD(NOW(), INTERVAL 24 HOUR), 1, '会议室A', 'PENDING', 1, 0, NOW(), NOW()),
(25, 14, 8, DATE_ADD(NOW(), INTERVAL 25 HOUR), 1, '会议室A', 'CANCELLED', 1, 0, NOW(), NOW()),
(26, 101, 7, DATE_ADD(NOW(), INTERVAL 26 HOUR), 1, '会议室A', 'PENDING', 1, 0, NOW(), NOW()),
(27, 126, 12, DATE_ADD(NOW(), INTERVAL 27 HOUR), 1, '会议室A', 'PENDING', 1, 0, NOW(), NOW()),
(28, 45, 6, DATE_ADD(NOW(), INTERVAL 28 HOUR), 1, '会议室A', 'PENDING', 1, 0, NOW(), NOW()),
(29, 144, 13, DATE_ADD(NOW(), INTERVAL 29 HOUR), 1, '会议室A', 'CANCELLED', 1, 0, NOW(), NOW()),
(30, 48, 5, DATE_ADD(NOW(), INTERVAL 30 HOUR), 1, '会议室A', 'COMPLETED', 1, 0, NOW(), NOW()),
(31, 128, 2, DATE_ADD(NOW(), INTERVAL 31 HOUR), 1, '会议室A', 'CANCELLED', 1, 0, NOW(), NOW()),
(32, 85, 19, DATE_ADD(NOW(), INTERVAL 32 HOUR), 1, '会议室A', 'PENDING', 1, 0, NOW(), NOW()),
(33, 51, 8, DATE_ADD(NOW(), INTERVAL 33 HOUR), 1, '会议室A', 'PENDING', 1, 0, NOW(), NOW()),
(34, 146, 1, DATE_ADD(NOW(), INTERVAL 34 HOUR), 1, '会议室A', 'CANCELLED', 1, 0, NOW(), NOW()),
(35, 48, 15, DATE_ADD(NOW(), INTERVAL 35 HOUR), 1, '会议室A', 'CANCELLED', 1, 0, NOW(), NOW()),
(36, 144, 11, DATE_ADD(NOW(), INTERVAL 36 HOUR), 1, '会议室A', 'CANCELLED', 1, 0, NOW(), NOW()),
(37, 68, 2, DATE_ADD(NOW(), INTERVAL 37 HOUR), 1, '会议室A', 'CANCELLED', 1, 0, NOW(), NOW()),
(38, 44, 19, DATE_ADD(NOW(), INTERVAL 38 HOUR), 1, '会议室A', 'CANCELLED', 1, 0, NOW(), NOW()),
(39, 65, 3, DATE_ADD(NOW(), INTERVAL 39 HOUR), 1, '会议室A', 'CANCELLED', 1, 0, NOW(), NOW()),
(40, 148, 9, DATE_ADD(NOW(), INTERVAL 40 HOUR), 1, '会议室A', 'COMPLETED', 1, 0, NOW(), NOW()),
(41, 9, 15, DATE_ADD(NOW(), INTERVAL 41 HOUR), 1, '会议室A', 'COMPLETED', 1, 0, NOW(), NOW()),
(42, 28, 2, DATE_ADD(NOW(), INTERVAL 42 HOUR), 1, '会议室A', 'COMPLETED', 1, 0, NOW(), NOW()),
(43, 53, 3, DATE_ADD(NOW(), INTERVAL 43 HOUR), 1, '会议室A', 'CANCELLED', 1, 0, NOW(), NOW()),
(44, 121, 5, DATE_ADD(NOW(), INTERVAL 44 HOUR), 1, '会议室A', 'COMPLETED', 1, 0, NOW(), NOW()),
(45, 97, 3, DATE_ADD(NOW(), INTERVAL 45 HOUR), 1, '会议室A', 'PENDING', 1, 0, NOW(), NOW()),
(46, 4, 6, DATE_ADD(NOW(), INTERVAL 46 HOUR), 1, '会议室A', 'PENDING', 1, 0, NOW(), NOW()),
(47, 79, 14, DATE_ADD(NOW(), INTERVAL 47 HOUR), 1, '会议室A', 'CANCELLED', 1, 0, NOW(), NOW()),
(48, 45, 15, DATE_ADD(NOW(), INTERVAL 48 HOUR), 1, '会议室A', 'CANCELLED', 1, 0, NOW(), NOW()),
(49, 127, 13, DATE_ADD(NOW(), INTERVAL 49 HOUR), 1, '会议室A', 'CANCELLED', 1, 0, NOW(), NOW()),
(50, 6, 12, DATE_ADD(NOW(), INTERVAL 50 HOUR), 1, '会议室A', 'CANCELLED', 1, 0, NOW(), NOW()),
(51, 2, 3, DATE_ADD(NOW(), INTERVAL 51 HOUR), 1, '会议室A', 'CANCELLED', 1, 0, NOW(), NOW()),
(52, 127, 15, DATE_ADD(NOW(), INTERVAL 52 HOUR), 1, '会议室A', 'CANCELLED', 1, 0, NOW(), NOW()),
(53, 122, 19, DATE_ADD(NOW(), INTERVAL 53 HOUR), 1, '会议室A', 'PENDING', 1, 0, NOW(), NOW()),
(54, 15, 4, DATE_ADD(NOW(), INTERVAL 54 HOUR), 1, '会议室A', 'CANCELLED', 1, 0, NOW(), NOW()),
(55, 128, 14, DATE_ADD(NOW(), INTERVAL 55 HOUR), 1, '会议室A', 'CANCELLED', 1, 0, NOW(), NOW()),
(56, 122, 10, DATE_ADD(NOW(), INTERVAL 56 HOUR), 1, '会议室A', 'COMPLETED', 1, 0, NOW(), NOW()),
(57, 105, 11, DATE_ADD(NOW(), INTERVAL 57 HOUR), 1, '会议室A', 'CANCELLED', 1, 0, NOW(), NOW()),
(58, 138, 14, DATE_ADD(NOW(), INTERVAL 58 HOUR), 1, '会议室A', 'CANCELLED', 1, 0, NOW(), NOW()),
(59, 124, 1, DATE_ADD(NOW(), INTERVAL 59 HOUR), 1, '会议室A', 'CANCELLED', 1, 0, NOW(), NOW()),
(60, 29, 12, DATE_ADD(NOW(), INTERVAL 60 HOUR), 1, '会议室A', 'PENDING', 1, 0, NOW(), NOW()),
(61, 7, 2, DATE_ADD(NOW(), INTERVAL 61 HOUR), 1, '会议室A', 'CANCELLED', 1, 0, NOW(), NOW()),
(62, 150, 7, DATE_ADD(NOW(), INTERVAL 62 HOUR), 1, '会议室A', 'PENDING', 1, 0, NOW(), NOW()),
(63, 112, 10, DATE_ADD(NOW(), INTERVAL 63 HOUR), 1, '会议室A', 'PENDING', 1, 0, NOW(), NOW()),
(64, 146, 2, DATE_ADD(NOW(), INTERVAL 64 HOUR), 1, '会议室A', 'PENDING', 1, 0, NOW(), NOW()),
(65, 104, 10, DATE_ADD(NOW(), INTERVAL 65 HOUR), 1, '会议室A', 'CANCELLED', 1, 0, NOW(), NOW()),
(66, 120, 1, DATE_ADD(NOW(), INTERVAL 66 HOUR), 1, '会议室A', 'CANCELLED', 1, 0, NOW(), NOW()),
(67, 104, 14, DATE_ADD(NOW(), INTERVAL 67 HOUR), 1, '会议室A', 'COMPLETED', 1, 0, NOW(), NOW()),
(68, 25, 12, DATE_ADD(NOW(), INTERVAL 68 HOUR), 1, '会议室A', 'CANCELLED', 1, 0, NOW(), NOW()),
(69, 7, 12, DATE_ADD(NOW(), INTERVAL 69 HOUR), 1, '会议室A', 'CANCELLED', 1, 0, NOW(), NOW()),
(70, 98, 3, DATE_ADD(NOW(), INTERVAL 70 HOUR), 1, '会议室A', 'COMPLETED', 1, 0, NOW(), NOW()),
(71, 77, 16, DATE_ADD(NOW(), INTERVAL 71 HOUR), 1, '会议室A', 'PENDING', 1, 0, NOW(), NOW()),
(72, 79, 7, DATE_ADD(NOW(), INTERVAL 72 HOUR), 1, '会议室A', 'PENDING', 1, 0, NOW(), NOW()),
(73, 141, 7, DATE_ADD(NOW(), INTERVAL 73 HOUR), 1, '会议室A', 'CANCELLED', 1, 0, NOW(), NOW()),
(74, 82, 14, DATE_ADD(NOW(), INTERVAL 74 HOUR), 1, '会议室A', 'PENDING', 1, 0, NOW(), NOW()),
(75, 81, 20, DATE_ADD(NOW(), INTERVAL 75 HOUR), 1, '会议室A', 'CANCELLED', 1, 0, NOW(), NOW()),
(76, 75, 6, DATE_ADD(NOW(), INTERVAL 76 HOUR), 1, '会议室A', 'COMPLETED', 1, 0, NOW(), NOW()),
(77, 23, 2, DATE_ADD(NOW(), INTERVAL 77 HOUR), 1, '会议室A', 'PENDING', 1, 0, NOW(), NOW()),
(78, 55, 15, DATE_ADD(NOW(), INTERVAL 78 HOUR), 1, '会议室A', 'PENDING', 1, 0, NOW(), NOW()),
(79, 67, 15, DATE_ADD(NOW(), INTERVAL 79 HOUR), 1, '会议室A', 'PENDING', 1, 0, NOW(), NOW()),
(80, 103, 2, DATE_ADD(NOW(), INTERVAL 80 HOUR), 1, '会议室A', 'COMPLETED', 1, 0, NOW(), NOW()),
(81, 41, 14, DATE_ADD(NOW(), INTERVAL 81 HOUR), 1, '会议室A', 'CANCELLED', 1, 0, NOW(), NOW()),
(82, 92, 17, DATE_ADD(NOW(), INTERVAL 82 HOUR), 1, '会议室A', 'PENDING', 1, 0, NOW(), NOW()),
(83, 115, 9, DATE_ADD(NOW(), INTERVAL 83 HOUR), 1, '会议室A', 'PENDING', 1, 0, NOW(), NOW()),
(84, 34, 16, DATE_ADD(NOW(), INTERVAL 84 HOUR), 1, '会议室A', 'COMPLETED', 1, 0, NOW(), NOW()),
(85, 41, 9, DATE_ADD(NOW(), INTERVAL 85 HOUR), 1, '会议室A', 'PENDING', 1, 0, NOW(), NOW()),
(86, 78, 3, DATE_ADD(NOW(), INTERVAL 86 HOUR), 1, '会议室A', 'PENDING', 1, 0, NOW(), NOW()),
(87, 26, 15, DATE_ADD(NOW(), INTERVAL 87 HOUR), 1, '会议室A', 'COMPLETED', 1, 0, NOW(), NOW()),
(88, 2, 1, DATE_ADD(NOW(), INTERVAL 88 HOUR), 1, '会议室A', 'COMPLETED', 1, 0, NOW(), NOW()),
(89, 83, 19, DATE_ADD(NOW(), INTERVAL 89 HOUR), 1, '会议室A', 'CANCELLED', 1, 0, NOW(), NOW()),
(90, 77, 7, DATE_ADD(NOW(), INTERVAL 90 HOUR), 1, '会议室A', 'COMPLETED', 1, 0, NOW(), NOW()),
(91, 135, 19, DATE_ADD(NOW(), INTERVAL 91 HOUR), 1, '会议室A', 'CANCELLED', 1, 0, NOW(), NOW()),
(92, 45, 18, DATE_ADD(NOW(), INTERVAL 92 HOUR), 1, '会议室A', 'PENDING', 1, 0, NOW(), NOW()),
(93, 136, 12, DATE_ADD(NOW(), INTERVAL 93 HOUR), 1, '会议室A', 'COMPLETED', 1, 0, NOW(), NOW()),
(94, 22, 20, DATE_ADD(NOW(), INTERVAL 94 HOUR), 1, '会议室A', 'PENDING', 1, 0, NOW(), NOW()),
(95, 14, 6, DATE_ADD(NOW(), INTERVAL 95 HOUR), 1, '会议室A', 'PENDING', 1, 0, NOW(), NOW()),
(96, 41, 13, DATE_ADD(NOW(), INTERVAL 96 HOUR), 1, '会议室A', 'CANCELLED', 1, 0, NOW(), NOW()),
(97, 128, 4, DATE_ADD(NOW(), INTERVAL 97 HOUR), 1, '会议室A', 'PENDING', 1, 0, NOW(), NOW()),
(98, 3, 10, DATE_ADD(NOW(), INTERVAL 98 HOUR), 1, '会议室A', 'PENDING', 1, 0, NOW(), NOW()),
(99, 130, 7, DATE_ADD(NOW(), INTERVAL 99 HOUR), 1, '会议室A', 'CANCELLED', 1, 0, NOW(), NOW()),
(100, 132, 6, DATE_ADD(NOW(), INTERVAL 100 HOUR), 1, '会议室A', 'COMPLETED', 1, 0, NOW(), NOW()),
(101, 23, 9, DATE_ADD(NOW(), INTERVAL 101 HOUR), 1, '会议室A', 'PENDING', 1, 0, NOW(), NOW()),
(102, 113, 7, DATE_ADD(NOW(), INTERVAL 102 HOUR), 1, '会议室A', 'CANCELLED', 1, 0, NOW(), NOW()),
(103, 112, 8, DATE_ADD(NOW(), INTERVAL 103 HOUR), 1, '会议室A', 'CANCELLED', 1, 0, NOW(), NOW()),
(104, 113, 12, DATE_ADD(NOW(), INTERVAL 104 HOUR), 1, '会议室A', 'PENDING', 1, 0, NOW(), NOW()),
(105, 127, 18, DATE_ADD(NOW(), INTERVAL 105 HOUR), 1, '会议室A', 'CANCELLED', 1, 0, NOW(), NOW()),
(106, 73, 4, DATE_ADD(NOW(), INTERVAL 106 HOUR), 1, '会议室A', 'PENDING', 1, 0, NOW(), NOW()),
(107, 135, 5, DATE_ADD(NOW(), INTERVAL 107 HOUR), 1, '会议室A', 'COMPLETED', 1, 0, NOW(), NOW()),
(108, 136, 3, DATE_ADD(NOW(), INTERVAL 108 HOUR), 1, '会议室A', 'COMPLETED', 1, 0, NOW(), NOW()),
(109, 5, 12, DATE_ADD(NOW(), INTERVAL 109 HOUR), 1, '会议室A', 'CANCELLED', 1, 0, NOW(), NOW()),
(110, 40, 11, DATE_ADD(NOW(), INTERVAL 110 HOUR), 1, '会议室A', 'COMPLETED', 1, 0, NOW(), NOW()),
(111, 64, 5, DATE_ADD(NOW(), INTERVAL 111 HOUR), 1, '会议室A', 'CANCELLED', 1, 0, NOW(), NOW()),
(112, 33, 17, DATE_ADD(NOW(), INTERVAL 112 HOUR), 1, '会议室A', 'CANCELLED', 1, 0, NOW(), NOW()),
(113, 34, 2, DATE_ADD(NOW(), INTERVAL 113 HOUR), 1, '会议室A', 'COMPLETED', 1, 0, NOW(), NOW()),
(114, 85, 16, DATE_ADD(NOW(), INTERVAL 114 HOUR), 1, '会议室A', 'COMPLETED', 1, 0, NOW(), NOW()),
(115, 85, 4, DATE_ADD(NOW(), INTERVAL 115 HOUR), 1, '会议室A', 'PENDING', 1, 0, NOW(), NOW()),
(116, 40, 15, DATE_ADD(NOW(), INTERVAL 116 HOUR), 1, '会议室A', 'CANCELLED', 1, 0, NOW(), NOW()),
(117, 33, 2, DATE_ADD(NOW(), INTERVAL 117 HOUR), 1, '会议室A', 'COMPLETED', 1, 0, NOW(), NOW()),
(118, 132, 5, DATE_ADD(NOW(), INTERVAL 118 HOUR), 1, '会议室A', 'CANCELLED', 1, 0, NOW(), NOW()),
(119, 93, 18, DATE_ADD(NOW(), INTERVAL 119 HOUR), 1, '会议室A', 'COMPLETED', 1, 0, NOW(), NOW()),
(120, 55, 12, DATE_ADD(NOW(), INTERVAL 120 HOUR), 1, '会议室A', 'CANCELLED', 1, 0, NOW(), NOW());

TRUNCATE TABLE `interview_evaluation`;
INSERT INTO `interview_evaluation` (`id`, `interview_id`, `evaluator_id`, `professional_score`, `communication_score`, `attitude_score`, `total_score`, `evaluate_result`, `comments`, `status`, `deleted`, `create_time`, `update_time`) VALUES
(1, 1, 8, 73, 94, 77, 81, 1, '评价意见', 1, 0, NOW(), NOW()),
(2, 2, 14, 60, 98, 92, 83, 1, '评价意见', 1, 0, NOW(), NOW()),
(3, 3, 5, 73, 83, 81, 79, 1, '评价意见', 1, 0, NOW(), NOW()),
(4, 4, 18, 75, 94, 62, 77, 1, '评价意见', 1, 0, NOW(), NOW()),
(5, 5, 15, 92, 98, 88, 92, 1, '评价意见', 1, 0, NOW(), NOW()),
(6, 6, 20, 87, 71, 75, 77, 1, '评价意见', 1, 0, NOW(), NOW()),
(7, 7, 3, 65, 64, 81, 70, 1, '评价意见', 1, 0, NOW(), NOW()),
(8, 8, 10, 100, 95, 98, 97, 1, '评价意见', 1, 0, NOW(), NOW()),
(9, 9, 4, 67, 61, 94, 74, 1, '评价意见', 1, 0, NOW(), NOW()),
(10, 10, 13, 77, 97, 81, 85, 1, '评价意见', 1, 0, NOW(), NOW()),
(11, 11, 5, 80, 85, 86, 83, 1, '评价意见', 1, 0, NOW(), NOW()),
(12, 12, 5, 68, 76, 84, 76, 1, '评价意见', 1, 0, NOW(), NOW()),
(13, 13, 3, 72, 76, 72, 73, 1, '评价意见', 1, 0, NOW(), NOW()),
(14, 14, 18, 83, 71, 96, 83, 1, '评价意见', 1, 0, NOW(), NOW()),
(15, 15, 12, 79, 96, 96, 90, 1, '评价意见', 1, 0, NOW(), NOW()),
(16, 16, 5, 77, 69, 62, 69, 2, '评价意见', 1, 0, NOW(), NOW()),
(17, 17, 11, 78, 94, 99, 90, 1, '评价意见', 1, 0, NOW(), NOW()),
(18, 18, 8, 93, 65, 61, 73, 1, '评价意见', 1, 0, NOW(), NOW()),
(19, 19, 1, 80, 88, 73, 80, 1, '评价意见', 1, 0, NOW(), NOW()),
(20, 20, 6, 76, 81, 70, 75, 1, '评价意见', 1, 0, NOW(), NOW()),
(21, 21, 1, 69, 61, 94, 74, 1, '评价意见', 1, 0, NOW(), NOW()),
(22, 22, 6, 87, 90, 64, 80, 1, '评价意见', 1, 0, NOW(), NOW()),
(23, 23, 8, 98, 70, 98, 88, 1, '评价意见', 1, 0, NOW(), NOW()),
(24, 24, 10, 80, 70, 80, 76, 1, '评价意见', 1, 0, NOW(), NOW()),
(25, 25, 6, 89, 67, 87, 81, 1, '评价意见', 1, 0, NOW(), NOW()),
(26, 26, 8, 80, 99, 89, 89, 1, '评价意见', 1, 0, NOW(), NOW()),
(27, 27, 7, 91, 72, 97, 86, 1, '评价意见', 1, 0, NOW(), NOW()),
(28, 28, 10, 95, 95, 94, 94, 1, '评价意见', 1, 0, NOW(), NOW()),
(29, 29, 20, 91, 100, 91, 94, 1, '评价意见', 1, 0, NOW(), NOW()),
(30, 30, 13, 72, 88, 65, 75, 1, '评价意见', 1, 0, NOW(), NOW()),
(31, 31, 20, 85, 91, 64, 80, 1, '评价意见', 1, 0, NOW(), NOW()),
(32, 32, 4, 67, 76, 73, 72, 1, '评价意见', 1, 0, NOW(), NOW()),
(33, 33, 20, 73, 71, 100, 81, 1, '评价意见', 1, 0, NOW(), NOW()),
(34, 34, 20, 94, 88, 91, 91, 1, '评价意见', 1, 0, NOW(), NOW()),
(35, 35, 10, 79, 97, 83, 86, 1, '评价意见', 1, 0, NOW(), NOW()),
(36, 36, 12, 74, 89, 95, 86, 1, '评价意见', 1, 0, NOW(), NOW()),
(37, 37, 10, 95, 86, 77, 86, 1, '评价意见', 1, 0, NOW(), NOW()),
(38, 38, 3, 86, 60, 77, 74, 1, '评价意见', 1, 0, NOW(), NOW()),
(39, 39, 2, 89, 95, 96, 93, 1, '评价意见', 1, 0, NOW(), NOW()),
(40, 40, 10, 74, 82, 68, 74, 1, '评价意见', 1, 0, NOW(), NOW()),
(41, 41, 10, 67, 70, 83, 73, 1, '评价意见', 1, 0, NOW(), NOW()),
(42, 42, 2, 79, 88, 94, 87, 1, '评价意见', 1, 0, NOW(), NOW()),
(43, 43, 7, 93, 66, 79, 79, 1, '评价意见', 1, 0, NOW(), NOW()),
(44, 44, 7, 80, 99, 89, 89, 1, '评价意见', 1, 0, NOW(), NOW()),
(45, 45, 15, 82, 93, 87, 87, 1, '评价意见', 1, 0, NOW(), NOW()),
(46, 46, 14, 75, 68, 82, 75, 1, '评价意见', 1, 0, NOW(), NOW()),
(47, 47, 2, 70, 83, 86, 79, 1, '评价意见', 1, 0, NOW(), NOW()),
(48, 48, 7, 97, 83, 66, 82, 1, '评价意见', 1, 0, NOW(), NOW()),
(49, 49, 10, 84, 95, 83, 87, 1, '评价意见', 1, 0, NOW(), NOW()),
(50, 50, 18, 99, 91, 74, 88, 1, '评价意见', 1, 0, NOW(), NOW()),
(51, 51, 1, 94, 85, 81, 86, 1, '评价意见', 1, 0, NOW(), NOW()),
(52, 52, 1, 92, 61, 88, 80, 1, '评价意见', 1, 0, NOW(), NOW()),
(53, 53, 17, 68, 84, 99, 83, 1, '评价意见', 1, 0, NOW(), NOW()),
(54, 54, 12, 89, 75, 83, 82, 1, '评价意见', 1, 0, NOW(), NOW()),
(55, 55, 18, 80, 69, 91, 80, 1, '评价意见', 1, 0, NOW(), NOW()),
(56, 56, 15, 90, 67, 72, 76, 1, '评价意见', 1, 0, NOW(), NOW()),
(57, 57, 12, 96, 89, 79, 88, 1, '评价意见', 1, 0, NOW(), NOW()),
(58, 58, 1, 93, 65, 94, 84, 1, '评价意见', 1, 0, NOW(), NOW()),
(59, 59, 9, 70, 96, 90, 85, 1, '评价意见', 1, 0, NOW(), NOW()),
(60, 60, 20, 60, 97, 68, 75, 1, '评价意见', 1, 0, NOW(), NOW()),
(61, 61, 10, 93, 85, 73, 83, 1, '评价意见', 1, 0, NOW(), NOW()),
(62, 62, 7, 88, 89, 85, 87, 1, '评价意见', 1, 0, NOW(), NOW()),
(63, 63, 1, 61, 63, 91, 71, 1, '评价意见', 1, 0, NOW(), NOW()),
(64, 64, 10, 74, 69, 79, 74, 1, '评价意见', 1, 0, NOW(), NOW()),
(65, 65, 13, 60, 94, 93, 82, 1, '评价意见', 1, 0, NOW(), NOW()),
(66, 66, 18, 99, 61, 84, 81, 1, '评价意见', 1, 0, NOW(), NOW()),
(67, 67, 4, 87, 69, 75, 77, 1, '评价意见', 1, 0, NOW(), NOW()),
(68, 68, 1, 77, 73, 60, 70, 1, '评价意见', 1, 0, NOW(), NOW()),
(69, 69, 18, 80, 77, 67, 74, 1, '评价意见', 1, 0, NOW(), NOW()),
(70, 70, 5, 75, 96, 93, 88, 1, '评价意见', 1, 0, NOW(), NOW()),
(71, 71, 5, 63, 81, 96, 80, 1, '评价意见', 1, 0, NOW(), NOW()),
(72, 72, 3, 89, 77, 65, 77, 1, '评价意见', 1, 0, NOW(), NOW()),
(73, 73, 17, 83, 94, 65, 80, 1, '评价意见', 1, 0, NOW(), NOW()),
(74, 74, 15, 72, 89, 99, 86, 1, '评价意见', 1, 0, NOW(), NOW()),
(75, 75, 14, 90, 62, 95, 82, 1, '评价意见', 1, 0, NOW(), NOW()),
(76, 76, 6, 100, 60, 76, 78, 1, '评价意见', 1, 0, NOW(), NOW()),
(77, 77, 14, 76, 75, 80, 77, 1, '评价意见', 1, 0, NOW(), NOW()),
(78, 78, 8, 66, 63, 96, 75, 1, '评价意见', 1, 0, NOW(), NOW()),
(79, 79, 1, 82, 86, 71, 79, 1, '评价意见', 1, 0, NOW(), NOW()),
(80, 80, 11, 70, 79, 60, 69, 2, '评价意见', 1, 0, NOW(), NOW()),
(81, 81, 17, 61, 89, 80, 76, 1, '评价意见', 1, 0, NOW(), NOW()),
(82, 82, 13, 94, 97, 61, 84, 1, '评价意见', 1, 0, NOW(), NOW()),
(83, 83, 17, 64, 76, 91, 77, 1, '评价意见', 1, 0, NOW(), NOW()),
(84, 84, 3, 68, 62, 100, 76, 1, '评价意见', 1, 0, NOW(), NOW()),
(85, 85, 11, 78, 83, 77, 79, 1, '评价意见', 1, 0, NOW(), NOW()),
(86, 86, 17, 79, 78, 96, 84, 1, '评价意见', 1, 0, NOW(), NOW()),
(87, 87, 10, 85, 64, 100, 83, 1, '评价意见', 1, 0, NOW(), NOW()),
(88, 88, 12, 69, 78, 61, 69, 2, '评价意见', 1, 0, NOW(), NOW()),
(89, 89, 8, 73, 69, 69, 70, 1, '评价意见', 1, 0, NOW(), NOW()),
(90, 90, 2, 97, 89, 86, 90, 1, '评价意见', 1, 0, NOW(), NOW()),
(91, 91, 7, 60, 76, 88, 74, 1, '评价意见', 1, 0, NOW(), NOW()),
(92, 92, 8, 72, 98, 92, 87, 1, '评价意见', 1, 0, NOW(), NOW()),
(93, 93, 9, 73, 66, 77, 72, 1, '评价意见', 1, 0, NOW(), NOW()),
(94, 94, 7, 84, 87, 91, 87, 1, '评价意见', 1, 0, NOW(), NOW()),
(95, 95, 14, 64, 77, 82, 74, 1, '评价意见', 1, 0, NOW(), NOW()),
(96, 96, 16, 90, 62, 76, 76, 1, '评价意见', 1, 0, NOW(), NOW()),
(97, 97, 9, 97, 80, 82, 86, 1, '评价意见', 1, 0, NOW(), NOW()),
(98, 98, 18, 82, 63, 64, 69, 2, '评价意见', 1, 0, NOW(), NOW()),
(99, 99, 9, 65, 92, 79, 78, 1, '评价意见', 1, 0, NOW(), NOW()),
(100, 100, 11, 80, 91, 88, 86, 1, '评价意见', 1, 0, NOW(), NOW()),
(101, 101, 8, 69, 68, 93, 76, 1, '评价意见', 1, 0, NOW(), NOW()),
(102, 102, 1, 75, 81, 69, 75, 1, '评价意见', 1, 0, NOW(), NOW()),
(103, 103, 9, 63, 74, 99, 78, 1, '评价意见', 1, 0, NOW(), NOW()),
(104, 104, 9, 80, 72, 64, 72, 1, '评价意见', 1, 0, NOW(), NOW()),
(105, 105, 3, 81, 88, 98, 89, 1, '评价意见', 1, 0, NOW(), NOW()),
(106, 106, 18, 78, 72, 81, 77, 1, '评价意见', 1, 0, NOW(), NOW()),
(107, 107, 6, 72, 64, 65, 67, 2, '评价意见', 1, 0, NOW(), NOW()),
(108, 108, 12, 60, 84, 71, 71, 1, '评价意见', 1, 0, NOW(), NOW()),
(109, 109, 9, 64, 78, 63, 68, 2, '评价意见', 1, 0, NOW(), NOW()),
(110, 110, 12, 100, 96, 97, 97, 1, '评价意见', 1, 0, NOW(), NOW()),
(111, 111, 7, 98, 85, 98, 93, 1, '评价意见', 1, 0, NOW(), NOW()),
(112, 112, 10, 72, 95, 60, 75, 1, '评价意见', 1, 0, NOW(), NOW()),
(113, 113, 5, 95, 86, 88, 89, 1, '评价意见', 1, 0, NOW(), NOW()),
(114, 114, 5, 87, 64, 74, 75, 1, '评价意见', 1, 0, NOW(), NOW()),
(115, 115, 16, 83, 89, 72, 81, 1, '评价意见', 1, 0, NOW(), NOW()),
(116, 116, 12, 75, 82, 95, 84, 1, '评价意见', 1, 0, NOW(), NOW()),
(117, 117, 13, 99, 94, 87, 93, 1, '评价意见', 1, 0, NOW(), NOW()),
(118, 118, 16, 67, 83, 93, 81, 1, '评价意见', 1, 0, NOW(), NOW()),
(119, 119, 12, 98, 88, 93, 93, 1, '评价意见', 1, 0, NOW(), NOW()),
(120, 120, 18, 76, 84, 71, 77, 1, '评价意见', 1, 0, NOW(), NOW());

TRUNCATE TABLE `onboarding_record`;
INSERT INTO `onboarding_record` (`id`, `resume_id`, `hr_id`, `onboard_status`, `docs_verified`, `onboarding_date`, `contract_no`, `remark`, `status`, `deleted`, `create_time`, `update_time`) VALUES
(1, 106, 18, 'COMPLETED', 1, DATE_ADD(NOW(), INTERVAL 1 DAY), 'HT00001', '备注', 1, 0, NOW(), NOW()),
(2, 58, 7, 'CANCELLED', 0, DATE_ADD(NOW(), INTERVAL 2 DAY), 'HT00002', '备注', 1, 0, NOW(), NOW()),
(3, 122, 5, 'PENDING_DOCS', 1, DATE_ADD(NOW(), INTERVAL 3 DAY), 'HT00003', '备注', 1, 0, NOW(), NOW()),
(4, 142, 11, 'COMPLETED', 1, DATE_ADD(NOW(), INTERVAL 4 DAY), 'HT00004', '备注', 1, 0, NOW(), NOW()),
(5, 83, 6, 'COMPLETED', 1, DATE_ADD(NOW(), INTERVAL 5 DAY), 'HT00005', '备注', 1, 0, NOW(), NOW()),
(6, 130, 14, 'PENDING_DOCS', 1, DATE_ADD(NOW(), INTERVAL 6 DAY), 'HT00006', '备注', 1, 0, NOW(), NOW()),
(7, 45, 7, 'PENDING_DOCS', 0, DATE_ADD(NOW(), INTERVAL 7 DAY), 'HT00007', '备注', 1, 0, NOW(), NOW()),
(8, 81, 19, 'PENDING_DOCS', 0, DATE_ADD(NOW(), INTERVAL 8 DAY), 'HT00008', '备注', 1, 0, NOW(), NOW()),
(9, 83, 8, 'COMPLETED', 0, DATE_ADD(NOW(), INTERVAL 9 DAY), 'HT00009', '备注', 1, 0, NOW(), NOW()),
(10, 5, 15, 'COMPLETED', 0, DATE_ADD(NOW(), INTERVAL 10 DAY), 'HT00010', '备注', 1, 0, NOW(), NOW()),
(11, 134, 12, 'COMPLETED', 0, DATE_ADD(NOW(), INTERVAL 11 DAY), 'HT00011', '备注', 1, 0, NOW(), NOW()),
(12, 47, 4, 'COMPLETED', 1, DATE_ADD(NOW(), INTERVAL 12 DAY), 'HT00012', '备注', 1, 0, NOW(), NOW()),
(13, 51, 12, 'COMPLETED', 1, DATE_ADD(NOW(), INTERVAL 13 DAY), 'HT00013', '备注', 1, 0, NOW(), NOW()),
(14, 5, 5, 'CANCELLED', 1, DATE_ADD(NOW(), INTERVAL 14 DAY), 'HT00014', '备注', 1, 0, NOW(), NOW()),
(15, 14, 16, 'CANCELLED', 1, DATE_ADD(NOW(), INTERVAL 15 DAY), 'HT00015', '备注', 1, 0, NOW(), NOW()),
(16, 27, 13, 'COMPLETED', 1, DATE_ADD(NOW(), INTERVAL 16 DAY), 'HT00016', '备注', 1, 0, NOW(), NOW()),
(17, 78, 16, 'PENDING_DOCS', 0, DATE_ADD(NOW(), INTERVAL 17 DAY), 'HT00017', '备注', 1, 0, NOW(), NOW()),
(18, 84, 16, 'CANCELLED', 0, DATE_ADD(NOW(), INTERVAL 18 DAY), 'HT00018', '备注', 1, 0, NOW(), NOW()),
(19, 71, 5, 'CANCELLED', 0, DATE_ADD(NOW(), INTERVAL 19 DAY), 'HT00019', '备注', 1, 0, NOW(), NOW()),
(20, 23, 7, 'COMPLETED', 0, DATE_ADD(NOW(), INTERVAL 20 DAY), 'HT00020', '备注', 1, 0, NOW(), NOW()),
(21, 53, 17, 'PENDING_DOCS', 1, DATE_ADD(NOW(), INTERVAL 21 DAY), 'HT00021', '备注', 1, 0, NOW(), NOW()),
(22, 15, 15, 'COMPLETED', 0, DATE_ADD(NOW(), INTERVAL 22 DAY), 'HT00022', '备注', 1, 0, NOW(), NOW()),
(23, 141, 3, 'PENDING_DOCS', 0, DATE_ADD(NOW(), INTERVAL 23 DAY), 'HT00023', '备注', 1, 0, NOW(), NOW()),
(24, 150, 12, 'PENDING_DOCS', 1, DATE_ADD(NOW(), INTERVAL 24 DAY), 'HT00024', '备注', 1, 0, NOW(), NOW()),
(25, 99, 18, 'COMPLETED', 1, DATE_ADD(NOW(), INTERVAL 25 DAY), 'HT00025', '备注', 1, 0, NOW(), NOW()),
(26, 120, 17, 'CANCELLED', 1, DATE_ADD(NOW(), INTERVAL 26 DAY), 'HT00026', '备注', 1, 0, NOW(), NOW()),
(27, 117, 15, 'CANCELLED', 0, DATE_ADD(NOW(), INTERVAL 27 DAY), 'HT00027', '备注', 1, 0, NOW(), NOW()),
(28, 73, 6, 'PENDING_DOCS', 1, DATE_ADD(NOW(), INTERVAL 28 DAY), 'HT00028', '备注', 1, 0, NOW(), NOW()),
(29, 8, 18, 'CANCELLED', 1, DATE_ADD(NOW(), INTERVAL 29 DAY), 'HT00029', '备注', 1, 0, NOW(), NOW()),
(30, 126, 3, 'COMPLETED', 0, DATE_ADD(NOW(), INTERVAL 30 DAY), 'HT00030', '备注', 1, 0, NOW(), NOW()),
(31, 73, 14, 'PENDING_DOCS', 1, DATE_ADD(NOW(), INTERVAL 31 DAY), 'HT00031', '备注', 1, 0, NOW(), NOW()),
(32, 31, 10, 'CANCELLED', 0, DATE_ADD(NOW(), INTERVAL 32 DAY), 'HT00032', '备注', 1, 0, NOW(), NOW()),
(33, 23, 15, 'CANCELLED', 0, DATE_ADD(NOW(), INTERVAL 33 DAY), 'HT00033', '备注', 1, 0, NOW(), NOW()),
(34, 57, 1, 'CANCELLED', 1, DATE_ADD(NOW(), INTERVAL 34 DAY), 'HT00034', '备注', 1, 0, NOW(), NOW()),
(35, 73, 15, 'CANCELLED', 1, DATE_ADD(NOW(), INTERVAL 35 DAY), 'HT00035', '备注', 1, 0, NOW(), NOW()),
(36, 77, 6, 'COMPLETED', 0, DATE_ADD(NOW(), INTERVAL 36 DAY), 'HT00036', '备注', 1, 0, NOW(), NOW()),
(37, 23, 17, 'PENDING_DOCS', 1, DATE_ADD(NOW(), INTERVAL 37 DAY), 'HT00037', '备注', 1, 0, NOW(), NOW()),
(38, 74, 17, 'CANCELLED', 0, DATE_ADD(NOW(), INTERVAL 38 DAY), 'HT00038', '备注', 1, 0, NOW(), NOW()),
(39, 83, 5, 'PENDING_DOCS', 1, DATE_ADD(NOW(), INTERVAL 39 DAY), 'HT00039', '备注', 1, 0, NOW(), NOW()),
(40, 102, 11, 'CANCELLED', 1, DATE_ADD(NOW(), INTERVAL 40 DAY), 'HT00040', '备注', 1, 0, NOW(), NOW()),
(41, 15, 11, 'PENDING_DOCS', 0, DATE_ADD(NOW(), INTERVAL 41 DAY), 'HT00041', '备注', 1, 0, NOW(), NOW()),
(42, 76, 20, 'CANCELLED', 1, DATE_ADD(NOW(), INTERVAL 42 DAY), 'HT00042', '备注', 1, 0, NOW(), NOW()),
(43, 43, 19, 'PENDING_DOCS', 1, DATE_ADD(NOW(), INTERVAL 43 DAY), 'HT00043', '备注', 1, 0, NOW(), NOW()),
(44, 7, 14, 'CANCELLED', 0, DATE_ADD(NOW(), INTERVAL 44 DAY), 'HT00044', '备注', 1, 0, NOW(), NOW()),
(45, 69, 9, 'CANCELLED', 1, DATE_ADD(NOW(), INTERVAL 45 DAY), 'HT00045', '备注', 1, 0, NOW(), NOW()),
(46, 124, 10, 'COMPLETED', 1, DATE_ADD(NOW(), INTERVAL 46 DAY), 'HT00046', '备注', 1, 0, NOW(), NOW()),
(47, 78, 5, 'COMPLETED', 1, DATE_ADD(NOW(), INTERVAL 47 DAY), 'HT00047', '备注', 1, 0, NOW(), NOW()),
(48, 91, 13, 'CANCELLED', 0, DATE_ADD(NOW(), INTERVAL 48 DAY), 'HT00048', '备注', 1, 0, NOW(), NOW()),
(49, 110, 19, 'PENDING_DOCS', 1, DATE_ADD(NOW(), INTERVAL 49 DAY), 'HT00049', '备注', 1, 0, NOW(), NOW()),
(50, 69, 13, 'COMPLETED', 1, DATE_ADD(NOW(), INTERVAL 50 DAY), 'HT00050', '备注', 1, 0, NOW(), NOW()),
(51, 43, 13, 'PENDING_DOCS', 0, DATE_ADD(NOW(), INTERVAL 51 DAY), 'HT00051', '备注', 1, 0, NOW(), NOW()),
(52, 81, 8, 'COMPLETED', 1, DATE_ADD(NOW(), INTERVAL 52 DAY), 'HT00052', '备注', 1, 0, NOW(), NOW()),
(53, 104, 2, 'CANCELLED', 0, DATE_ADD(NOW(), INTERVAL 53 DAY), 'HT00053', '备注', 1, 0, NOW(), NOW()),
(54, 9, 17, 'COMPLETED', 1, DATE_ADD(NOW(), INTERVAL 54 DAY), 'HT00054', '备注', 1, 0, NOW(), NOW()),
(55, 112, 13, 'CANCELLED', 1, DATE_ADD(NOW(), INTERVAL 55 DAY), 'HT00055', '备注', 1, 0, NOW(), NOW()),
(56, 58, 18, 'CANCELLED', 1, DATE_ADD(NOW(), INTERVAL 56 DAY), 'HT00056', '备注', 1, 0, NOW(), NOW()),
(57, 128, 7, 'PENDING_DOCS', 1, DATE_ADD(NOW(), INTERVAL 57 DAY), 'HT00057', '备注', 1, 0, NOW(), NOW()),
(58, 133, 11, 'PENDING_DOCS', 1, DATE_ADD(NOW(), INTERVAL 58 DAY), 'HT00058', '备注', 1, 0, NOW(), NOW()),
(59, 41, 11, 'CANCELLED', 1, DATE_ADD(NOW(), INTERVAL 59 DAY), 'HT00059', '备注', 1, 0, NOW(), NOW()),
(60, 48, 15, 'COMPLETED', 0, DATE_ADD(NOW(), INTERVAL 60 DAY), 'HT00060', '备注', 1, 0, NOW(), NOW()),
(61, 6, 20, 'CANCELLED', 1, DATE_ADD(NOW(), INTERVAL 61 DAY), 'HT00061', '备注', 1, 0, NOW(), NOW()),
(62, 141, 9, 'CANCELLED', 1, DATE_ADD(NOW(), INTERVAL 62 DAY), 'HT00062', '备注', 1, 0, NOW(), NOW()),
(63, 44, 8, 'CANCELLED', 1, DATE_ADD(NOW(), INTERVAL 63 DAY), 'HT00063', '备注', 1, 0, NOW(), NOW()),
(64, 122, 15, 'COMPLETED', 1, DATE_ADD(NOW(), INTERVAL 64 DAY), 'HT00064', '备注', 1, 0, NOW(), NOW()),
(65, 71, 10, 'COMPLETED', 1, DATE_ADD(NOW(), INTERVAL 65 DAY), 'HT00065', '备注', 1, 0, NOW(), NOW()),
(66, 127, 4, 'PENDING_DOCS', 0, DATE_ADD(NOW(), INTERVAL 66 DAY), 'HT00066', '备注', 1, 0, NOW(), NOW()),
(67, 140, 15, 'CANCELLED', 0, DATE_ADD(NOW(), INTERVAL 67 DAY), 'HT00067', '备注', 1, 0, NOW(), NOW()),
(68, 50, 3, 'CANCELLED', 0, DATE_ADD(NOW(), INTERVAL 68 DAY), 'HT00068', '备注', 1, 0, NOW(), NOW()),
(69, 112, 12, 'PENDING_DOCS', 0, DATE_ADD(NOW(), INTERVAL 69 DAY), 'HT00069', '备注', 1, 0, NOW(), NOW()),
(70, 18, 13, 'PENDING_DOCS', 1, DATE_ADD(NOW(), INTERVAL 70 DAY), 'HT00070', '备注', 1, 0, NOW(), NOW()),
(71, 83, 17, 'PENDING_DOCS', 0, DATE_ADD(NOW(), INTERVAL 71 DAY), 'HT00071', '备注', 1, 0, NOW(), NOW()),
(72, 130, 1, 'CANCELLED', 1, DATE_ADD(NOW(), INTERVAL 72 DAY), 'HT00072', '备注', 1, 0, NOW(), NOW()),
(73, 26, 10, 'CANCELLED', 1, DATE_ADD(NOW(), INTERVAL 73 DAY), 'HT00073', '备注', 1, 0, NOW(), NOW()),
(74, 87, 12, 'CANCELLED', 1, DATE_ADD(NOW(), INTERVAL 74 DAY), 'HT00074', '备注', 1, 0, NOW(), NOW()),
(75, 30, 18, 'COMPLETED', 0, DATE_ADD(NOW(), INTERVAL 75 DAY), 'HT00075', '备注', 1, 0, NOW(), NOW()),
(76, 70, 14, 'CANCELLED', 0, DATE_ADD(NOW(), INTERVAL 76 DAY), 'HT00076', '备注', 1, 0, NOW(), NOW()),
(77, 137, 11, 'PENDING_DOCS', 1, DATE_ADD(NOW(), INTERVAL 77 DAY), 'HT00077', '备注', 1, 0, NOW(), NOW()),
(78, 26, 4, 'COMPLETED', 0, DATE_ADD(NOW(), INTERVAL 78 DAY), 'HT00078', '备注', 1, 0, NOW(), NOW()),
(79, 35, 11, 'COMPLETED', 0, DATE_ADD(NOW(), INTERVAL 79 DAY), 'HT00079', '备注', 1, 0, NOW(), NOW()),
(80, 137, 12, 'COMPLETED', 0, DATE_ADD(NOW(), INTERVAL 80 DAY), 'HT00080', '备注', 1, 0, NOW(), NOW()),
(81, 142, 7, 'CANCELLED', 0, DATE_ADD(NOW(), INTERVAL 81 DAY), 'HT00081', '备注', 1, 0, NOW(), NOW()),
(82, 17, 1, 'PENDING_DOCS', 0, DATE_ADD(NOW(), INTERVAL 82 DAY), 'HT00082', '备注', 1, 0, NOW(), NOW()),
(83, 91, 3, 'COMPLETED', 1, DATE_ADD(NOW(), INTERVAL 83 DAY), 'HT00083', '备注', 1, 0, NOW(), NOW()),
(84, 46, 9, 'COMPLETED', 1, DATE_ADD(NOW(), INTERVAL 84 DAY), 'HT00084', '备注', 1, 0, NOW(), NOW()),
(85, 84, 8, 'COMPLETED', 0, DATE_ADD(NOW(), INTERVAL 85 DAY), 'HT00085', '备注', 1, 0, NOW(), NOW()),
(86, 115, 9, 'PENDING_DOCS', 0, DATE_ADD(NOW(), INTERVAL 86 DAY), 'HT00086', '备注', 1, 0, NOW(), NOW()),
(87, 25, 18, 'PENDING_DOCS', 1, DATE_ADD(NOW(), INTERVAL 87 DAY), 'HT00087', '备注', 1, 0, NOW(), NOW()),
(88, 110, 17, 'COMPLETED', 0, DATE_ADD(NOW(), INTERVAL 88 DAY), 'HT00088', '备注', 1, 0, NOW(), NOW()),
(89, 119, 13, 'PENDING_DOCS', 0, DATE_ADD(NOW(), INTERVAL 89 DAY), 'HT00089', '备注', 1, 0, NOW(), NOW()),
(90, 91, 14, 'CANCELLED', 1, DATE_ADD(NOW(), INTERVAL 90 DAY), 'HT00090', '备注', 1, 0, NOW(), NOW()),
(91, 24, 9, 'COMPLETED', 0, DATE_ADD(NOW(), INTERVAL 91 DAY), 'HT00091', '备注', 1, 0, NOW(), NOW()),
(92, 31, 15, 'COMPLETED', 1, DATE_ADD(NOW(), INTERVAL 92 DAY), 'HT00092', '备注', 1, 0, NOW(), NOW()),
(93, 40, 15, 'CANCELLED', 1, DATE_ADD(NOW(), INTERVAL 93 DAY), 'HT00093', '备注', 1, 0, NOW(), NOW()),
(94, 79, 5, 'PENDING_DOCS', 0, DATE_ADD(NOW(), INTERVAL 94 DAY), 'HT00094', '备注', 1, 0, NOW(), NOW()),
(95, 66, 20, 'CANCELLED', 1, DATE_ADD(NOW(), INTERVAL 95 DAY), 'HT00095', '备注', 1, 0, NOW(), NOW()),
(96, 11, 12, 'COMPLETED', 1, DATE_ADD(NOW(), INTERVAL 96 DAY), 'HT00096', '备注', 1, 0, NOW(), NOW()),
(97, 109, 4, 'PENDING_DOCS', 1, DATE_ADD(NOW(), INTERVAL 97 DAY), 'HT00097', '备注', 1, 0, NOW(), NOW()),
(98, 31, 10, 'COMPLETED', 0, DATE_ADD(NOW(), INTERVAL 98 DAY), 'HT00098', '备注', 1, 0, NOW(), NOW()),
(99, 26, 7, 'CANCELLED', 1, DATE_ADD(NOW(), INTERVAL 99 DAY), 'HT00099', '备注', 1, 0, NOW(), NOW()),
(100, 81, 7, 'CANCELLED', 0, DATE_ADD(NOW(), INTERVAL 100 DAY), 'HT00100', '备注', 1, 0, NOW(), NOW()),
(101, 15, 17, 'COMPLETED', 1, DATE_ADD(NOW(), INTERVAL 101 DAY), 'HT00101', '备注', 1, 0, NOW(), NOW()),
(102, 124, 18, 'CANCELLED', 1, DATE_ADD(NOW(), INTERVAL 102 DAY), 'HT00102', '备注', 1, 0, NOW(), NOW()),
(103, 11, 3, 'PENDING_DOCS', 1, DATE_ADD(NOW(), INTERVAL 103 DAY), 'HT00103', '备注', 1, 0, NOW(), NOW()),
(104, 2, 6, 'COMPLETED', 0, DATE_ADD(NOW(), INTERVAL 104 DAY), 'HT00104', '备注', 1, 0, NOW(), NOW()),
(105, 140, 8, 'PENDING_DOCS', 1, DATE_ADD(NOW(), INTERVAL 105 DAY), 'HT00105', '备注', 1, 0, NOW(), NOW()),
(106, 13, 4, 'CANCELLED', 1, DATE_ADD(NOW(), INTERVAL 106 DAY), 'HT00106', '备注', 1, 0, NOW(), NOW()),
(107, 64, 14, 'COMPLETED', 1, DATE_ADD(NOW(), INTERVAL 107 DAY), 'HT00107', '备注', 1, 0, NOW(), NOW()),
(108, 125, 2, 'COMPLETED', 0, DATE_ADD(NOW(), INTERVAL 108 DAY), 'HT00108', '备注', 1, 0, NOW(), NOW()),
(109, 5, 20, 'PENDING_DOCS', 0, DATE_ADD(NOW(), INTERVAL 109 DAY), 'HT00109', '备注', 1, 0, NOW(), NOW()),
(110, 42, 8, 'PENDING_DOCS', 1, DATE_ADD(NOW(), INTERVAL 110 DAY), 'HT00110', '备注', 1, 0, NOW(), NOW()),
(111, 114, 3, 'PENDING_DOCS', 0, DATE_ADD(NOW(), INTERVAL 111 DAY), 'HT00111', '备注', 1, 0, NOW(), NOW()),
(112, 4, 3, 'COMPLETED', 1, DATE_ADD(NOW(), INTERVAL 112 DAY), 'HT00112', '备注', 1, 0, NOW(), NOW()),
(113, 122, 14, 'CANCELLED', 1, DATE_ADD(NOW(), INTERVAL 113 DAY), 'HT00113', '备注', 1, 0, NOW(), NOW()),
(114, 31, 4, 'COMPLETED', 0, DATE_ADD(NOW(), INTERVAL 114 DAY), 'HT00114', '备注', 1, 0, NOW(), NOW()),
(115, 54, 14, 'PENDING_DOCS', 1, DATE_ADD(NOW(), INTERVAL 115 DAY), 'HT00115', '备注', 1, 0, NOW(), NOW()),
(116, 25, 8, 'CANCELLED', 1, DATE_ADD(NOW(), INTERVAL 116 DAY), 'HT00116', '备注', 1, 0, NOW(), NOW()),
(117, 138, 3, 'CANCELLED', 1, DATE_ADD(NOW(), INTERVAL 117 DAY), 'HT00117', '备注', 1, 0, NOW(), NOW()),
(118, 25, 14, 'PENDING_DOCS', 0, DATE_ADD(NOW(), INTERVAL 118 DAY), 'HT00118', '备注', 1, 0, NOW(), NOW()),
(119, 56, 8, 'COMPLETED', 0, DATE_ADD(NOW(), INTERVAL 119 DAY), 'HT00119', '备注', 1, 0, NOW(), NOW()),
(120, 65, 19, 'COMPLETED', 0, DATE_ADD(NOW(), INTERVAL 120 DAY), 'HT00120', '备注', 1, 0, NOW(), NOW());

SET FOREIGN_KEY_CHECKS = 1;
