-- 燕鑫安心保 测试数据生成脚本
USE `yanxin_anxinbao`;
SET NAMES utf8mb4;
SET FOREIGN_KEY_CHECKS = 0;

TRUNCATE TABLE `claim`;
TRUNCATE TABLE `insurance_order`;
TRUNCATE TABLE `contract`;
TRUNCATE TABLE `realname_auth`;
TRUNCATE TABLE `insurance_product`;
TRUNCATE TABLE `contract_template`;
TRUNCATE TABLE `staff`;

INSERT INTO `staff` (`staff_id`, `role_id`, `phone`, `password`, `real_name`, `status`, `create_time`) VALUES
(1, 1, '13800138000', '$2a$10$7JB720yubVSZvUI0rEqK/.VqGOZTH.ulu33dHOiBE8ByOhJIrdAu2', '超级管理员', 1, '2023-01-01 10:00:00'),
(2, 2, '13722809963', '$2a$10$7JB720yubVSZvUI0rEqK/.VqGOZTH.ulu33dHOiBE8ByOhJIrdAu2', '沈勇磊', 1, '2024-02-03 00:00:00'),
(3, 2, '13983132997', '$2a$10$7JB720yubVSZvUI0rEqK/.VqGOZTH.ulu33dHOiBE8ByOhJIrdAu2', '戚刚', 1, '2023-11-21 00:00:00'),
(4, 2, '13882622249', '$2a$10$7JB720yubVSZvUI0rEqK/.VqGOZTH.ulu33dHOiBE8ByOhJIrdAu2', '秦霞', 1, '2023-03-13 00:00:00'),
(5, 2, '13164987438', '$2a$10$7JB720yubVSZvUI0rEqK/.VqGOZTH.ulu33dHOiBE8ByOhJIrdAu2', '唐娜', 1, '2023-01-03 00:00:00'),
(6, 2, '13383978008', '$2a$10$7JB720yubVSZvUI0rEqK/.VqGOZTH.ulu33dHOiBE8ByOhJIrdAu2', '唐娜', 1, '2024-04-08 00:00:00'),
(7, 2, '13346564773', '$2a$10$7JB720yubVSZvUI0rEqK/.VqGOZTH.ulu33dHOiBE8ByOhJIrdAu2', '云洋鹏', 1, '2023-08-10 00:00:00'),
(8, 2, '13513314671', '$2a$10$7JB720yubVSZvUI0rEqK/.VqGOZTH.ulu33dHOiBE8ByOhJIrdAu2', '邹丽平', 1, '2023-04-12 00:00:00'),
(9, 2, '13403742451', '$2a$10$7JB720yubVSZvUI0rEqK/.VqGOZTH.ulu33dHOiBE8ByOhJIrdAu2', '喻强', 1, '2023-03-31 00:00:00'),
(10, 2, '13847919312', '$2a$10$7JB720yubVSZvUI0rEqK/.VqGOZTH.ulu33dHOiBE8ByOhJIrdAu2', '方磊', 1, '2024-04-14 00:00:00'),
(11, 2, '13717137354', '$2a$10$7JB720yubVSZvUI0rEqK/.VqGOZTH.ulu33dHOiBE8ByOhJIrdAu2', '水磊', 0, '2023-01-08 00:00:00'),
(12, 2, '13925257343', '$2a$10$7JB720yubVSZvUI0rEqK/.VqGOZTH.ulu33dHOiBE8ByOhJIrdAu2', '彭丽', 1, '2024-02-14 00:00:00'),
(13, 2, '13591405621', '$2a$10$7JB720yubVSZvUI0rEqK/.VqGOZTH.ulu33dHOiBE8ByOhJIrdAu2', '尤超', 1, '2023-06-28 00:00:00'),
(14, 2, '13878913029', '$2a$10$7JB720yubVSZvUI0rEqK/.VqGOZTH.ulu33dHOiBE8ByOhJIrdAu2', '卫涛', 1, '2023-06-12 00:00:00'),
(15, 2, '13193434182', '$2a$10$7JB720yubVSZvUI0rEqK/.VqGOZTH.ulu33dHOiBE8ByOhJIrdAu2', '杨杰', 1, '2024-01-16 00:00:00'),
(16, 2, '13720090439', '$2a$10$7JB720yubVSZvUI0rEqK/.VqGOZTH.ulu33dHOiBE8ByOhJIrdAu2', '袁勇', 1, '2023-10-08 00:00:00'),
(17, 2, '13405594021', '$2a$10$7JB720yubVSZvUI0rEqK/.VqGOZTH.ulu33dHOiBE8ByOhJIrdAu2', '孔超', 1, '2023-12-16 00:00:00'),
(18, 2, '13129980253', '$2a$10$7JB720yubVSZvUI0rEqK/.VqGOZTH.ulu33dHOiBE8ByOhJIrdAu2', '孙洋洋', 1, '2023-10-09 00:00:00'),
(19, 2, '13535431068', '$2a$10$7JB720yubVSZvUI0rEqK/.VqGOZTH.ulu33dHOiBE8ByOhJIrdAu2', '邹明', 1, '2023-09-24 00:00:00'),
(20, 2, '13874232046', '$2a$10$7JB720yubVSZvUI0rEqK/.VqGOZTH.ulu33dHOiBE8ByOhJIrdAu2', '姜华平', 0, '2023-04-16 00:00:00'),
(21, 2, '13487688124', '$2a$10$7JB720yubVSZvUI0rEqK/.VqGOZTH.ulu33dHOiBE8ByOhJIrdAu2', '褚鹏', 1, '2023-12-11 00:00:00'),
(22, 2, '13690492693', '$2a$10$7JB720yubVSZvUI0rEqK/.VqGOZTH.ulu33dHOiBE8ByOhJIrdAu2', '孔伟', 1, '2023-11-06 00:00:00'),
(23, 2, '13482160192', '$2a$10$7JB720yubVSZvUI0rEqK/.VqGOZTH.ulu33dHOiBE8ByOhJIrdAu2', '谢伟', 1, '2023-04-05 00:00:00'),
(24, 2, '13232356515', '$2a$10$7JB720yubVSZvUI0rEqK/.VqGOZTH.ulu33dHOiBE8ByOhJIrdAu2', '周杰', 1, '2023-06-09 00:00:00'),
(25, 2, '13982768018', '$2a$10$7JB720yubVSZvUI0rEqK/.VqGOZTH.ulu33dHOiBE8ByOhJIrdAu2', '郎萍', 1, '2023-06-13 00:00:00'),
(26, 2, '13320154909', '$2a$10$7JB720yubVSZvUI0rEqK/.VqGOZTH.ulu33dHOiBE8ByOhJIrdAu2', '马华', 1, '2023-10-04 00:00:00'),
(27, 2, '13240350222', '$2a$10$7JB720yubVSZvUI0rEqK/.VqGOZTH.ulu33dHOiBE8ByOhJIrdAu2', '秦丹', 1, '2023-08-03 00:00:00'),
(28, 2, '13820241867', '$2a$10$7JB720yubVSZvUI0rEqK/.VqGOZTH.ulu33dHOiBE8ByOhJIrdAu2', '许秀兰', 1, '2023-09-28 00:00:00'),
(29, 2, '13946845805', '$2a$10$7JB720yubVSZvUI0rEqK/.VqGOZTH.ulu33dHOiBE8ByOhJIrdAu2', '杨霞', 1, '2023-09-02 00:00:00'),
(30, 2, '13993614036', '$2a$10$7JB720yubVSZvUI0rEqK/.VqGOZTH.ulu33dHOiBE8ByOhJIrdAu2', '李明丹', 1, '2023-06-02 00:00:00'),
(31, 2, '13240080926', '$2a$10$7JB720yubVSZvUI0rEqK/.VqGOZTH.ulu33dHOiBE8ByOhJIrdAu2', '冯涛', 1, '2023-06-23 00:00:00'),
(32, 2, '13569443095', '$2a$10$7JB720yubVSZvUI0rEqK/.VqGOZTH.ulu33dHOiBE8ByOhJIrdAu2', '吴涛', 0, '2023-12-19 00:00:00'),
(33, 2, '13745908667', '$2a$10$7JB720yubVSZvUI0rEqK/.VqGOZTH.ulu33dHOiBE8ByOhJIrdAu2', '吴华', 0, '2023-02-05 00:00:00'),
(34, 2, '13269170072', '$2a$10$7JB720yubVSZvUI0rEqK/.VqGOZTH.ulu33dHOiBE8ByOhJIrdAu2', '褚军', 0, '2023-08-25 00:00:00'),
(35, 2, '13721036501', '$2a$10$7JB720yubVSZvUI0rEqK/.VqGOZTH.ulu33dHOiBE8ByOhJIrdAu2', '吴明丹', 1, '2023-09-03 00:00:00'),
(36, 2, '13225342318', '$2a$10$7JB720yubVSZvUI0rEqK/.VqGOZTH.ulu33dHOiBE8ByOhJIrdAu2', '吕平杰', 1, '2023-11-27 00:00:00'),
(37, 2, '13980589656', '$2a$10$7JB720yubVSZvUI0rEqK/.VqGOZTH.ulu33dHOiBE8ByOhJIrdAu2', '柳华伟', 1, '2023-04-16 00:00:00'),
(38, 2, '13908946452', '$2a$10$7JB720yubVSZvUI0rEqK/.VqGOZTH.ulu33dHOiBE8ByOhJIrdAu2', '施平', 1, '2024-01-24 00:00:00'),
(39, 2, '13119180811', '$2a$10$7JB720yubVSZvUI0rEqK/.VqGOZTH.ulu33dHOiBE8ByOhJIrdAu2', '潘艳', 1, '2023-06-06 00:00:00'),
(40, 2, '13367038135', '$2a$10$7JB720yubVSZvUI0rEqK/.VqGOZTH.ulu33dHOiBE8ByOhJIrdAu2', '王桂英', 1, '2023-11-13 00:00:00'),
(41, 2, '13549345972', '$2a$10$7JB720yubVSZvUI0rEqK/.VqGOZTH.ulu33dHOiBE8ByOhJIrdAu2', '喻平', 1, '2023-05-10 00:00:00'),
(42, 2, '13796000520', '$2a$10$7JB720yubVSZvUI0rEqK/.VqGOZTH.ulu33dHOiBE8ByOhJIrdAu2', '邹磊', 1, '2023-10-03 00:00:00'),
(43, 2, '13202639245', '$2a$10$7JB720yubVSZvUI0rEqK/.VqGOZTH.ulu33dHOiBE8ByOhJIrdAu2', '彭伟', 1, '2024-03-18 00:00:00'),
(44, 2, '13373122291', '$2a$10$7JB720yubVSZvUI0rEqK/.VqGOZTH.ulu33dHOiBE8ByOhJIrdAu2', '柳霞', 1, '2024-01-02 00:00:00'),
(45, 2, '13568289260', '$2a$10$7JB720yubVSZvUI0rEqK/.VqGOZTH.ulu33dHOiBE8ByOhJIrdAu2', '鲁丽', 1, '2023-07-20 00:00:00'),
(46, 2, '13735868681', '$2a$10$7JB720yubVSZvUI0rEqK/.VqGOZTH.ulu33dHOiBE8ByOhJIrdAu2', '鲁丽', 0, '2023-05-20 00:00:00'),
(47, 2, '13795912005', '$2a$10$7JB720yubVSZvUI0rEqK/.VqGOZTH.ulu33dHOiBE8ByOhJIrdAu2', '鲁伟', 1, '2023-07-02 00:00:00'),
(48, 2, '13252354660', '$2a$10$7JB720yubVSZvUI0rEqK/.VqGOZTH.ulu33dHOiBE8ByOhJIrdAu2', '褚平明', 1, '2023-03-30 00:00:00'),
(49, 2, '13781166881', '$2a$10$7JB720yubVSZvUI0rEqK/.VqGOZTH.ulu33dHOiBE8ByOhJIrdAu2', '苏丽', 1, '2024-01-03 00:00:00'),
(50, 2, '13226390894', '$2a$10$7JB720yubVSZvUI0rEqK/.VqGOZTH.ulu33dHOiBE8ByOhJIrdAu2', '苏丹', 1, '2023-01-27 00:00:00'),
(51, 2, '13131437221', '$2a$10$7JB720yubVSZvUI0rEqK/.VqGOZTH.ulu33dHOiBE8ByOhJIrdAu2', '苏华敏', 1, '2024-03-01 00:00:00'),
(52, 2, '13556500322', '$2a$10$7JB720yubVSZvUI0rEqK/.VqGOZTH.ulu33dHOiBE8ByOhJIrdAu2', '卫艳平', 1, '2024-03-31 00:00:00'),
(53, 2, '13531348875', '$2a$10$7JB720yubVSZvUI0rEqK/.VqGOZTH.ulu33dHOiBE8ByOhJIrdAu2', '孔丽', 1, '2023-05-17 00:00:00'),
(54, 2, '13158352005', '$2a$10$7JB720yubVSZvUI0rEqK/.VqGOZTH.ulu33dHOiBE8ByOhJIrdAu2', '金丹', 1, '2023-02-18 00:00:00'),
(55, 2, '13711316775', '$2a$10$7JB720yubVSZvUI0rEqK/.VqGOZTH.ulu33dHOiBE8ByOhJIrdAu2', '金磊', 1, '2023-06-08 00:00:00'),
(56, 2, '13784906606', '$2a$10$7JB720yubVSZvUI0rEqK/.VqGOZTH.ulu33dHOiBE8ByOhJIrdAu2', '葛洋', 1, '2023-04-11 00:00:00'),
(57, 2, '13600097671', '$2a$10$7JB720yubVSZvUI0rEqK/.VqGOZTH.ulu33dHOiBE8ByOhJIrdAu2', '何磊', 1, '2023-01-04 00:00:00'),
(58, 2, '13163780995', '$2a$10$7JB720yubVSZvUI0rEqK/.VqGOZTH.ulu33dHOiBE8ByOhJIrdAu2', '华平', 1, '2023-03-15 00:00:00'),
(59, 2, '13424953776', '$2a$10$7JB720yubVSZvUI0rEqK/.VqGOZTH.ulu33dHOiBE8ByOhJIrdAu2', '邹强', 1, '2023-11-07 00:00:00'),
(60, 2, '13597419344', '$2a$10$7JB720yubVSZvUI0rEqK/.VqGOZTH.ulu33dHOiBE8ByOhJIrdAu2', '邹勇', 1, '2023-07-26 00:00:00'),
(61, 2, '13618380788', '$2a$10$7JB720yubVSZvUI0rEqK/.VqGOZTH.ulu33dHOiBE8ByOhJIrdAu2', '魏华', 1, '2023-09-06 00:00:00'),
(62, 2, '13146740549', '$2a$10$7JB720yubVSZvUI0rEqK/.VqGOZTH.ulu33dHOiBE8ByOhJIrdAu2', '水霞', 1, '2024-01-16 00:00:00'),
(63, 2, '13977388577', '$2a$10$7JB720yubVSZvUI0rEqK/.VqGOZTH.ulu33dHOiBE8ByOhJIrdAu2', '苏秀英', 1, '2023-03-09 00:00:00'),
(64, 2, '13398522295', '$2a$10$7JB720yubVSZvUI0rEqK/.VqGOZTH.ulu33dHOiBE8ByOhJIrdAu2', '苏华', 1, '2023-03-12 00:00:00'),
(65, 2, '13610049419', '$2a$10$7JB720yubVSZvUI0rEqK/.VqGOZTH.ulu33dHOiBE8ByOhJIrdAu2', '钱桂英', 1, '2023-11-26 00:00:00'),
(66, 2, '13890858422', '$2a$10$7JB720yubVSZvUI0rEqK/.VqGOZTH.ulu33dHOiBE8ByOhJIrdAu2', '姜涛', 1, '2023-05-12 00:00:00'),
(67, 2, '13852216224', '$2a$10$7JB720yubVSZvUI0rEqK/.VqGOZTH.ulu33dHOiBE8ByOhJIrdAu2', '孔伟', 1, '2023-02-11 00:00:00'),
(68, 2, '13250103096', '$2a$10$7JB720yubVSZvUI0rEqK/.VqGOZTH.ulu33dHOiBE8ByOhJIrdAu2', '王娜', 0, '2023-10-17 00:00:00'),
(69, 2, '13924783545', '$2a$10$7JB720yubVSZvUI0rEqK/.VqGOZTH.ulu33dHOiBE8ByOhJIrdAu2', '鲁秀兰涛', 0, '2024-01-17 00:00:00'),
(70, 2, '13887001587', '$2a$10$7JB720yubVSZvUI0rEqK/.VqGOZTH.ulu33dHOiBE8ByOhJIrdAu2', '史丽', 1, '2024-02-25 00:00:00'),
(71, 2, '13138201735', '$2a$10$7JB720yubVSZvUI0rEqK/.VqGOZTH.ulu33dHOiBE8ByOhJIrdAu2', '马明', 1, '2024-03-08 00:00:00'),
(72, 2, '13190835292', '$2a$10$7JB720yubVSZvUI0rEqK/.VqGOZTH.ulu33dHOiBE8ByOhJIrdAu2', '沈桂英杰', 1, '2023-08-15 00:00:00'),
(73, 2, '13922522465', '$2a$10$7JB720yubVSZvUI0rEqK/.VqGOZTH.ulu33dHOiBE8ByOhJIrdAu2', '朱秀英', 1, '2023-09-21 00:00:00'),
(74, 2, '13893583744', '$2a$10$7JB720yubVSZvUI0rEqK/.VqGOZTH.ulu33dHOiBE8ByOhJIrdAu2', '秦芳', 1, '2024-01-29 00:00:00'),
(75, 2, '13505937468', '$2a$10$7JB720yubVSZvUI0rEqK/.VqGOZTH.ulu33dHOiBE8ByOhJIrdAu2', '潘磊', 1, '2023-11-08 00:00:00'),
(76, 2, '13475728570', '$2a$10$7JB720yubVSZvUI0rEqK/.VqGOZTH.ulu33dHOiBE8ByOhJIrdAu2', '苏静丹', 0, '2024-04-15 00:00:00'),
(77, 2, '13653268605', '$2a$10$7JB720yubVSZvUI0rEqK/.VqGOZTH.ulu33dHOiBE8ByOhJIrdAu2', '曹秀兰', 1, '2024-03-06 00:00:00'),
(78, 2, '13926981500', '$2a$10$7JB720yubVSZvUI0rEqK/.VqGOZTH.ulu33dHOiBE8ByOhJIrdAu2', '谢桂英', 1, '2023-02-16 00:00:00'),
(79, 2, '13506928920', '$2a$10$7JB720yubVSZvUI0rEqK/.VqGOZTH.ulu33dHOiBE8ByOhJIrdAu2', '杨丽敏', 1, '2023-12-02 00:00:00'),
(80, 2, '13361876225', '$2a$10$7JB720yubVSZvUI0rEqK/.VqGOZTH.ulu33dHOiBE8ByOhJIrdAu2', '金鹏', 1, '2023-08-08 00:00:00'),
(81, 2, '13414879522', '$2a$10$7JB720yubVSZvUI0rEqK/.VqGOZTH.ulu33dHOiBE8ByOhJIrdAu2', '施鹏', 1, '2023-07-28 00:00:00'),
(82, 2, '13456029549', '$2a$10$7JB720yubVSZvUI0rEqK/.VqGOZTH.ulu33dHOiBE8ByOhJIrdAu2', '朱刚', 1, '2023-06-16 00:00:00'),
(83, 2, '13753717243', '$2a$10$7JB720yubVSZvUI0rEqK/.VqGOZTH.ulu33dHOiBE8ByOhJIrdAu2', '苏磊', 1, '2023-05-29 00:00:00'),
(84, 2, '13338479853', '$2a$10$7JB720yubVSZvUI0rEqK/.VqGOZTH.ulu33dHOiBE8ByOhJIrdAu2', '唐勇', 1, '2023-09-21 00:00:00'),
(85, 2, '13924334643', '$2a$10$7JB720yubVSZvUI0rEqK/.VqGOZTH.ulu33dHOiBE8ByOhJIrdAu2', '陈娜', 1, '2023-12-03 00:00:00'),
(86, 2, '13502122298', '$2a$10$7JB720yubVSZvUI0rEqK/.VqGOZTH.ulu33dHOiBE8ByOhJIrdAu2', '蒋丽', 1, '2023-07-20 00:00:00'),
(87, 2, '13724720068', '$2a$10$7JB720yubVSZvUI0rEqK/.VqGOZTH.ulu33dHOiBE8ByOhJIrdAu2', '陶洋', 1, '2023-07-11 00:00:00'),
(88, 2, '13994153985', '$2a$10$7JB720yubVSZvUI0rEqK/.VqGOZTH.ulu33dHOiBE8ByOhJIrdAu2', '韩刚', 1, '2024-03-07 00:00:00'),
(89, 2, '13211961162', '$2a$10$7JB720yubVSZvUI0rEqK/.VqGOZTH.ulu33dHOiBE8ByOhJIrdAu2', '苏丽', 1, '2024-02-11 00:00:00'),
(90, 2, '13771656955', '$2a$10$7JB720yubVSZvUI0rEqK/.VqGOZTH.ulu33dHOiBE8ByOhJIrdAu2', '方娟', 1, '2024-03-20 00:00:00'),
(91, 2, '13209444654', '$2a$10$7JB720yubVSZvUI0rEqK/.VqGOZTH.ulu33dHOiBE8ByOhJIrdAu2', '金强', 1, '2023-12-18 00:00:00'),
(92, 2, '13367929326', '$2a$10$7JB720yubVSZvUI0rEqK/.VqGOZTH.ulu33dHOiBE8ByOhJIrdAu2', '袁洋', 1, '2023-10-25 00:00:00'),
(93, 2, '13184444706', '$2a$10$7JB720yubVSZvUI0rEqK/.VqGOZTH.ulu33dHOiBE8ByOhJIrdAu2', '孔静涛', 1, '2023-06-12 00:00:00'),
(94, 2, '13423189832', '$2a$10$7JB720yubVSZvUI0rEqK/.VqGOZTH.ulu33dHOiBE8ByOhJIrdAu2', '郎秀兰', 1, '2024-03-19 00:00:00'),
(95, 2, '13508373165', '$2a$10$7JB720yubVSZvUI0rEqK/.VqGOZTH.ulu33dHOiBE8ByOhJIrdAu2', '陈强', 1, '2023-02-25 00:00:00'),
(96, 2, '13453686909', '$2a$10$7JB720yubVSZvUI0rEqK/.VqGOZTH.ulu33dHOiBE8ByOhJIrdAu2', '谢超', 1, '2023-10-24 00:00:00'),
(97, 2, '13416286975', '$2a$10$7JB720yubVSZvUI0rEqK/.VqGOZTH.ulu33dHOiBE8ByOhJIrdAu2', '冯明磊', 1, '2023-03-31 00:00:00'),
(98, 2, '13516681942', '$2a$10$7JB720yubVSZvUI0rEqK/.VqGOZTH.ulu33dHOiBE8ByOhJIrdAu2', '王芳鹏', 1, '2024-01-09 00:00:00'),
(99, 2, '13715522175', '$2a$10$7JB720yubVSZvUI0rEqK/.VqGOZTH.ulu33dHOiBE8ByOhJIrdAu2', '吴健', 1, '2023-02-28 00:00:00'),
(100, 2, '13130081760', '$2a$10$7JB720yubVSZvUI0rEqK/.VqGOZTH.ulu33dHOiBE8ByOhJIrdAu2', '姜秀兰艳', 1, '2023-08-16 00:00:00');

INSERT INTO `realname_auth` (`staff_id`, `staff_type`, `id_card`, `face_material_url`, `auth_status`, `auth_time`, `auth_report`) VALUES
(2, 1, '349244199701078779', '/uploads/face/2.jpg', 1, '2023-02-20 00:00:00', '人脸比对通过，公安库核验一致'),
(3, 1, '214150199302226476', '/uploads/face/3.jpg', 1, '2023-02-13 00:00:00', '人脸比对通过，公安库核验一致'),
(4, 3, '246861198501162040', '/uploads/face/4.jpg', 1, '2023-11-09 00:00:00', '人脸比对通过，公安库核验一致'),
(5, 2, '559035199112088562', '/uploads/face/5.jpg', 1, '2023-06-26 00:00:00', '人脸比对通过，公安库核验一致'),
(6, 2, '535886197802128583', '/uploads/face/6.jpg', 2, '2023-09-10 00:00:00', '人脸比对不通过，请重试'),
(7, 3, '453452199309142208', '/uploads/face/7.jpg', 1, '2023-04-18 00:00:00', '人脸比对通过，公安库核验一致'),
(8, 3, '294317198107106747', '/uploads/face/8.jpg', 1, '2024-02-25 00:00:00', '人脸比对通过，公安库核验一致'),
(10, 2, '202585199210105424', '/uploads/face/10.jpg', 1, '2024-02-12 00:00:00', '人脸比对通过，公安库核验一致'),
(11, 2, '259723198408161483', '/uploads/face/11.jpg', 1, '2023-09-30 00:00:00', '人脸比对通过，公安库核验一致'),
(12, 1, '326624197802076899', '/uploads/face/12.jpg', 1, '2024-04-06 00:00:00', '人脸比对通过，公安库核验一致'),
(13, 3, '337278199412022396', '/uploads/face/13.jpg', 2, '2023-03-01 00:00:00', '人脸比对不通过，请重试'),
(14, 3, '509828198809069582', '/uploads/face/14.jpg', 1, '2023-05-09 00:00:00', '人脸比对通过，公安库核验一致'),
(16, 2, '446265197307148632', '/uploads/face/16.jpg', 1, '2023-10-23 00:00:00', '人脸比对通过，公安库核验一致'),
(17, 1, '447679199306153930', '/uploads/face/17.jpg', 1, '2024-04-19 00:00:00', '人脸比对通过，公安库核验一致'),
(18, 3, '279660198903158368', '/uploads/face/18.jpg', 1, '2023-08-31 00:00:00', '人脸比对通过，公安库核验一致'),
(19, 2, '319637199408058824', '/uploads/face/19.jpg', 1, '2023-12-01 00:00:00', '人脸比对通过，公安库核验一致'),
(20, 3, '201189199006201967', '/uploads/face/20.jpg', 1, '2023-12-06 00:00:00', '人脸比对通过，公安库核验一致'),
(21, 3, '435542197810288352', '/uploads/face/21.jpg', 1, '2023-05-27 00:00:00', '人脸比对通过，公安库核验一致'),
(22, 3, '436569198811214684', '/uploads/face/22.jpg', 1, '2023-02-14 00:00:00', '人脸比对通过，公安库核验一致'),
(23, 1, '545844199309154846', '/uploads/face/23.jpg', 1, '2024-01-21 00:00:00', '人脸比对通过，公安库核验一致'),
(24, 2, '202239199704149646', '/uploads/face/24.jpg', 1, '2024-02-24 00:00:00', '人脸比对通过，公安库核验一致'),
(25, 3, '349092197306148695', '/uploads/face/25.jpg', 1, '2024-02-19 00:00:00', '人脸比对通过，公安库核验一致'),
(27, 3, '167970197208071775', '/uploads/face/27.jpg', 1, '2023-10-24 00:00:00', '人脸比对通过，公安库核验一致'),
(28, 3, '435044197602089405', '/uploads/face/28.jpg', 1, '2023-12-13 00:00:00', '人脸比对通过，公安库核验一致'),
(29, 1, '118603199609176885', '/uploads/face/29.jpg', 1, '2023-08-14 00:00:00', '人脸比对通过，公安库核验一致'),
(30, 1, '455305198303064642', '/uploads/face/30.jpg', 1, '2023-12-22 00:00:00', '人脸比对通过，公安库核验一致'),
(31, 3, '409070197909032086', '/uploads/face/31.jpg', 1, '2023-07-08 00:00:00', '人脸比对通过，公安库核验一致'),
(32, 2, '500983198811069483', '/uploads/face/32.jpg', 1, '2023-03-07 00:00:00', '人脸比对通过，公安库核验一致'),
(33, 3, '335443197811062910', '/uploads/face/33.jpg', 1, '2023-01-18 00:00:00', '人脸比对通过，公安库核验一致'),
(35, 2, '403647199003244915', '/uploads/face/35.jpg', 1, '2023-04-14 00:00:00', '人脸比对通过，公安库核验一致'),
(36, 2, '166430199203161568', '/uploads/face/36.jpg', 1, '2023-09-02 00:00:00', '人脸比对通过，公安库核验一致'),
(40, 1, '249120199209103343', '/uploads/face/40.jpg', 1, '2023-06-18 00:00:00', '人脸比对通过，公安库核验一致'),
(41, 1, '422564197501126254', '/uploads/face/41.jpg', 1, '2023-10-11 00:00:00', '人脸比对通过，公安库核验一致'),
(42, 2, '500650199304062849', '/uploads/face/42.jpg', 1, '2023-05-23 00:00:00', '人脸比对通过，公安库核验一致'),
(43, 1, '172376197809162657', '/uploads/face/43.jpg', 1, '2024-01-02 00:00:00', '人脸比对通过，公安库核验一致'),
(44, 1, '475216197505142675', '/uploads/face/44.jpg', 2, '2023-04-22 00:00:00', '人脸比对不通过，请重试'),
(45, 2, '460039199601088901', '/uploads/face/45.jpg', 1, '2023-12-12 00:00:00', '人脸比对通过，公安库核验一致'),
(46, 1, '316312198504041126', '/uploads/face/46.jpg', 1, '2023-01-04 00:00:00', '人脸比对通过，公安库核验一致'),
(47, 2, '246128198612251561', '/uploads/face/47.jpg', 1, '2023-10-15 00:00:00', '人脸比对通过，公安库核验一致'),
(48, 3, '518718199901261462', '/uploads/face/48.jpg', 1, '2023-11-12 00:00:00', '人脸比对通过，公安库核验一致'),
(49, 3, '159025197602097787', '/uploads/face/49.jpg', 1, '2023-02-19 00:00:00', '人脸比对通过，公安库核验一致'),
(51, 3, '369486197212134996', '/uploads/face/51.jpg', 1, '2023-12-31 00:00:00', '人脸比对通过，公安库核验一致'),
(52, 1, '324507197504268528', '/uploads/face/52.jpg', 1, '2023-07-24 00:00:00', '人脸比对通过，公安库核验一致'),
(53, 3, '197409199006123236', '/uploads/face/53.jpg', 1, '2023-07-02 00:00:00', '人脸比对通过，公安库核验一致'),
(54, 3, '488088199105102159', '/uploads/face/54.jpg', 1, '2023-05-17 00:00:00', '人脸比对通过，公安库核验一致'),
(55, 2, '509041199706038383', '/uploads/face/55.jpg', 1, '2023-10-25 00:00:00', '人脸比对通过，公安库核验一致'),
(56, 3, '398893199006247854', '/uploads/face/56.jpg', 1, '2024-03-30 00:00:00', '人脸比对通过，公安库核验一致'),
(57, 3, '603764197606025103', '/uploads/face/57.jpg', 1, '2023-08-13 00:00:00', '人脸比对通过，公安库核验一致'),
(58, 3, '488607197110127324', '/uploads/face/58.jpg', 1, '2023-02-26 00:00:00', '人脸比对通过，公安库核验一致'),
(60, 3, '470114199603193472', '/uploads/face/60.jpg', 1, '2023-08-07 00:00:00', '人脸比对通过，公安库核验一致'),
(61, 2, '426583197509196111', '/uploads/face/61.jpg', 1, '2023-04-12 00:00:00', '人脸比对通过，公安库核验一致'),
(62, 3, '627461198112285231', '/uploads/face/62.jpg', 1, '2023-06-16 00:00:00', '人脸比对通过，公安库核验一致'),
(63, 2, '397383198906115152', '/uploads/face/63.jpg', 1, '2024-03-13 00:00:00', '人脸比对通过，公安库核验一致'),
(67, 1, '475818197108198776', '/uploads/face/67.jpg', 1, '2023-05-21 00:00:00', '人脸比对通过，公安库核验一致'),
(68, 3, '152681199403173899', '/uploads/face/68.jpg', 1, '2024-04-09 00:00:00', '人脸比对通过，公安库核验一致'),
(70, 1, '390034197910075771', '/uploads/face/70.jpg', 1, '2023-12-19 00:00:00', '人脸比对通过，公安库核验一致'),
(71, 3, '538396197501164403', '/uploads/face/71.jpg', 1, '2024-03-07 00:00:00', '人脸比对通过，公安库核验一致'),
(72, 1, '111021197811098980', '/uploads/face/72.jpg', 1, '2023-12-22 00:00:00', '人脸比对通过，公安库核验一致'),
(73, 3, '131015198604043864', '/uploads/face/73.jpg', 1, '2023-08-16 00:00:00', '人脸比对通过，公安库核验一致'),
(74, 1, '402668198506241056', '/uploads/face/74.jpg', 1, '2023-09-25 00:00:00', '人脸比对通过，公安库核验一致'),
(75, 3, '127748198509208479', '/uploads/face/75.jpg', 1, '2024-01-13 00:00:00', '人脸比对通过，公安库核验一致'),
(76, 1, '159990198104175041', '/uploads/face/76.jpg', 1, '2023-02-21 00:00:00', '人脸比对通过，公安库核验一致'),
(77, 2, '377017197701149237', '/uploads/face/77.jpg', 1, '2023-01-26 00:00:00', '人脸比对通过，公安库核验一致'),
(78, 1, '573535199007181654', '/uploads/face/78.jpg', 1, '2023-12-05 00:00:00', '人脸比对通过，公安库核验一致'),
(79, 1, '448046198608284284', '/uploads/face/79.jpg', 1, '2023-08-24 00:00:00', '人脸比对通过，公安库核验一致'),
(80, 3, '446349197411215637', '/uploads/face/80.jpg', 1, '2023-08-18 00:00:00', '人脸比对通过，公安库核验一致'),
(81, 3, '445522198705016467', '/uploads/face/81.jpg', 1, '2023-07-09 00:00:00', '人脸比对通过，公安库核验一致'),
(82, 2, '249484199407187668', '/uploads/face/82.jpg', 1, '2023-07-25 00:00:00', '人脸比对通过，公安库核验一致'),
(83, 2, '449498199012269911', '/uploads/face/83.jpg', 1, '2023-05-13 00:00:00', '人脸比对通过，公安库核验一致'),
(84, 2, '185124199907216439', '/uploads/face/84.jpg', 1, '2023-11-18 00:00:00', '人脸比对通过，公安库核验一致'),
(85, 1, '605101198003222471', '/uploads/face/85.jpg', 1, '2023-06-20 00:00:00', '人脸比对通过，公安库核验一致'),
(86, 2, '301398197806123091', '/uploads/face/86.jpg', 1, '2023-12-03 00:00:00', '人脸比对通过，公安库核验一致'),
(87, 1, '588043197306106306', '/uploads/face/87.jpg', 1, '2023-10-16 00:00:00', '人脸比对通过，公安库核验一致'),
(88, 2, '514623199608193171', '/uploads/face/88.jpg', 1, '2024-03-23 00:00:00', '人脸比对通过，公安库核验一致'),
(89, 1, '517227198911043372', '/uploads/face/89.jpg', 1, '2023-11-09 00:00:00', '人脸比对通过，公安库核验一致'),
(90, 3, '145576199605194580', '/uploads/face/90.jpg', 1, '2023-01-01 00:00:00', '人脸比对通过，公安库核验一致'),
(91, 2, '406125199810095268', '/uploads/face/91.jpg', 1, '2023-09-06 00:00:00', '人脸比对通过，公安库核验一致'),
(92, 2, '632722199810216970', '/uploads/face/92.jpg', 1, '2023-11-27 00:00:00', '人脸比对通过，公安库核验一致'),
(93, 1, '544899197108146955', '/uploads/face/93.jpg', 1, '2023-08-31 00:00:00', '人脸比对通过，公安库核验一致'),
(95, 3, '498826199509265437', '/uploads/face/95.jpg', 1, '2023-01-28 00:00:00', '人脸比对通过，公安库核验一致'),
(96, 3, '338513197207237679', '/uploads/face/96.jpg', 1, '2024-04-03 00:00:00', '人脸比对通过，公安库核验一致'),
(97, 3, '122765199208113611', '/uploads/face/97.jpg', 1, '2023-10-13 00:00:00', '人脸比对通过，公安库核验一致'),
(100, 3, '626930197804118844', '/uploads/face/100.jpg', 2, '2023-07-21 00:00:00', '人脸比对不通过，请重试');

INSERT INTO `contract_template` (`template_id`, `template_name`, `contract_type`, `template_content`, `status`) VALUES
(1, '家政全职劳动合同(标准版)', 1, '甲方：燕鑫家政...乙方：[姓名]...本合同为全职劳动合同，规定双方权利义务...', 1),
(2, '家政兼职服务协议', 2, '甲方：燕鑫家政...乙方：[姓名]...本协议为兼职服务协议...', 1),
(3, '月嫂专属服务合同', 2, '甲方：燕鑫家政...乙方：[姓名]...月嫂专属条款...', 1),
(4, '保洁人员临时用工协议', 2, '甲方：燕鑫家政...乙方：[姓名]...临时用工条款...', 1);

INSERT INTO `contract` (`staff_id`, `template_id`, `contract_content`, `sign_time`, `contract_status`, `expire_time`) VALUES
(2, 4, '已签署的合同内容...', '2023-11-13 00:00:00', 2, '2024-11-12 00:00:00'),
(3, 2, '已签署的合同内容...', '2023-03-10 00:00:00', 2, '2024-03-09 00:00:00'),
(4, 3, '已签署的合同内容...', '2023-06-18 00:00:00', 2, '2024-06-17 00:00:00'),
(5, 4, '已签署的合同内容...', '2024-02-26 00:00:00', 2, '2025-02-25 00:00:00'),
(6, 3, '已签署的合同内容...', '2024-01-04 00:00:00', 2, '2025-01-03 00:00:00'),
(7, 1, '已签署的合同内容...', '2023-11-24 00:00:00', 2, '2024-11-23 00:00:00'),
(8, 3, '已签署的合同内容...', '2024-01-16 00:00:00', 2, '2025-01-15 00:00:00'),
(9, 2, '已签署的合同内容...', '2024-03-23 00:00:00', 2, '2025-03-23 00:00:00'),
(10, 3, '已签署的合同内容...', '2023-04-29 00:00:00', 2, '2024-04-28 00:00:00'),
(11, 3, '已签署的合同内容...', '2023-05-13 00:00:00', 2, '2024-05-12 00:00:00'),
(12, 3, '已签署的合同内容...', '2024-01-23 00:00:00', 2, '2025-01-22 00:00:00'),
(13, 3, '已签署的合同内容...', '2023-03-13 00:00:00', 2, '2024-03-12 00:00:00'),
(14, 2, '已签署的合同内容...', '2024-04-05 00:00:00', 2, '2025-04-05 00:00:00'),
(15, 2, '已签署的合同内容...', '2023-08-13 00:00:00', 2, '2024-08-12 00:00:00'),
(17, 4, '已签署的合同内容...', '2024-03-02 00:00:00', 2, '2025-03-02 00:00:00'),
(18, 4, '已签署的合同内容...', '2023-01-22 00:00:00', 2, '2024-01-22 00:00:00'),
(19, 4, '已签署的合同内容...', '2023-01-04 00:00:00', 2, '2024-01-04 00:00:00'),
(20, 1, '已签署的合同内容...', '2023-04-06 00:00:00', 2, '2024-04-05 00:00:00'),
(21, 3, '已签署的合同内容...', '2023-11-02 00:00:00', 2, '2024-11-01 00:00:00'),
(22, 4, '已签署的合同内容...', '2023-04-30 00:00:00', 2, '2024-04-29 00:00:00'),
(23, 2, '已签署的合同内容...', '2023-05-14 00:00:00', 2, '2024-05-13 00:00:00'),
(24, 4, '已签署的合同内容...', '2023-03-10 00:00:00', 2, '2024-03-09 00:00:00'),
(25, 3, '已签署的合同内容...', '2023-11-17 00:00:00', 2, '2024-11-16 00:00:00'),
(26, 2, '已签署的合同内容...', '2023-08-01 00:00:00', 2, '2024-07-31 00:00:00'),
(27, 2, '已签署的合同内容...', '2024-02-13 00:00:00', 2, '2025-02-12 00:00:00'),
(28, 4, '已签署的合同内容...', '2023-11-30 00:00:00', 2, '2024-11-29 00:00:00'),
(29, 1, '已签署的合同内容...', '2023-05-07 00:00:00', 2, '2024-05-06 00:00:00'),
(30, 3, '已签署的合同内容...', '2023-06-07 00:00:00', 2, '2024-06-06 00:00:00'),
(31, 1, '已签署的合同内容...', '2023-03-30 00:00:00', 2, '2024-03-29 00:00:00'),
(32, 3, '已签署的合同内容...', '2023-05-12 00:00:00', 2, '2024-05-11 00:00:00'),
(33, 4, '已签署的合同内容...', '2023-05-01 00:00:00', 2, '2024-04-30 00:00:00'),
(34, 4, '已签署的合同内容...', '2023-11-04 00:00:00', 2, '2024-11-03 00:00:00'),
(35, 4, '已签署的合同内容...', '2023-09-18 00:00:00', 2, '2024-09-17 00:00:00'),
(36, 3, '已签署的合同内容...', '2023-11-02 00:00:00', 2, '2024-11-01 00:00:00'),
(37, 1, '已签署的合同内容...', '2023-10-17 00:00:00', 2, '2024-10-16 00:00:00'),
(38, 2, '已签署的合同内容...', '2023-08-30 00:00:00', 2, '2024-08-29 00:00:00'),
(39, 3, '已签署的合同内容...', '2023-04-17 00:00:00', 2, '2024-04-16 00:00:00'),
(40, 3, '已签署的合同内容...', '2023-05-12 00:00:00', 2, '2024-05-11 00:00:00'),
(41, 3, '已签署的合同内容...', '2023-11-27 00:00:00', 2, '2024-11-26 00:00:00'),
(42, 3, '已签署的合同内容...', '2023-01-06 00:00:00', 2, '2024-01-06 00:00:00'),
(43, 2, '已签署的合同内容...', '2023-05-18 00:00:00', 2, '2024-05-17 00:00:00'),
(44, 4, '已签署的合同内容...', '2023-12-03 00:00:00', 2, '2024-12-02 00:00:00'),
(46, 1, '已签署的合同内容...', '2023-02-03 00:00:00', 2, '2024-02-03 00:00:00'),
(47, 4, '已签署的合同内容...', '2023-02-23 00:00:00', 2, '2024-02-23 00:00:00'),
(48, 1, '已签署的合同内容...', '2024-03-31 00:00:00', 2, '2025-03-31 00:00:00'),
(49, 3, '已签署的合同内容...', '2023-11-25 00:00:00', 2, '2024-11-24 00:00:00'),
(50, 3, '已签署的合同内容...', '2023-07-13 00:00:00', 2, '2024-07-12 00:00:00'),
(52, 3, '已签署的合同内容...', '2023-12-08 00:00:00', 2, '2024-12-07 00:00:00'),
(53, 1, '已签署的合同内容...', '2024-03-11 00:00:00', 2, '2025-03-11 00:00:00'),
(54, 1, '已签署的合同内容...', '2023-05-25 00:00:00', 2, '2024-05-24 00:00:00'),
(55, 3, '已签署的合同内容...', '2023-11-15 00:00:00', 2, '2024-11-14 00:00:00'),
(56, 4, '已签署的合同内容...', '2023-08-12 00:00:00', 2, '2024-08-11 00:00:00'),
(57, 4, '已签署的合同内容...', '2024-03-21 00:00:00', 2, '2025-03-21 00:00:00'),
(59, 1, '已签署的合同内容...', '2023-10-23 00:00:00', 2, '2024-10-22 00:00:00'),
(60, 3, '已签署的合同内容...', '2024-03-03 00:00:00', 2, '2025-03-03 00:00:00'),
(61, 3, '已签署的合同内容...', '2023-07-18 00:00:00', 2, '2024-07-17 00:00:00'),
(62, 1, '已签署的合同内容...', '2024-01-06 00:00:00', 2, '2025-01-05 00:00:00'),
(63, 1, '已签署的合同内容...', '2024-04-11 00:00:00', 2, '2025-04-11 00:00:00'),
(64, 1, '已签署的合同内容...', '2023-11-14 00:00:00', 2, '2024-11-13 00:00:00'),
(65, 4, '已签署的合同内容...', '2023-09-05 00:00:00', 2, '2024-09-04 00:00:00'),
(66, 2, '已签署的合同内容...', '2023-02-02 00:00:00', 2, '2024-02-02 00:00:00'),
(67, 4, '已签署的合同内容...', '2023-12-22 00:00:00', 2, '2024-12-21 00:00:00'),
(68, 4, '已签署的合同内容...', '2023-12-26 00:00:00', 2, '2024-12-25 00:00:00'),
(69, 3, '已签署的合同内容...', '2023-08-28 00:00:00', 2, '2024-08-27 00:00:00'),
(70, 2, '已签署的合同内容...', '2023-01-31 00:00:00', 2, '2024-01-31 00:00:00'),
(71, 2, '已签署的合同内容...', '2023-10-30 00:00:00', 2, '2024-10-29 00:00:00'),
(72, 2, '已签署的合同内容...', '2023-03-24 00:00:00', 2, '2024-03-23 00:00:00'),
(75, 4, '已签署的合同内容...', '2023-11-25 00:00:00', 2, '2024-11-24 00:00:00'),
(76, 2, '已签署的合同内容...', '2023-05-06 00:00:00', 2, '2024-05-05 00:00:00'),
(77, 3, '已签署的合同内容...', '2023-06-27 00:00:00', 2, '2024-06-26 00:00:00'),
(78, 4, '已签署的合同内容...', '2023-11-27 00:00:00', 2, '2024-11-26 00:00:00'),
(79, 2, '已签署的合同内容...', '2023-12-11 00:00:00', 2, '2024-12-10 00:00:00'),
(82, 3, '已签署的合同内容...', '2024-02-22 00:00:00', 2, '2025-02-21 00:00:00'),
(83, 3, '已签署的合同内容...', '2023-12-16 00:00:00', 2, '2024-12-15 00:00:00'),
(86, 4, '已签署的合同内容...', '2023-12-13 00:00:00', 2, '2024-12-12 00:00:00'),
(88, 1, '已签署的合同内容...', '2024-01-02 00:00:00', 2, '2025-01-01 00:00:00'),
(90, 3, '已签署的合同内容...', '2023-10-23 00:00:00', 2, '2024-10-22 00:00:00'),
(91, 1, '已签署的合同内容...', '2023-12-15 00:00:00', 2, '2024-12-14 00:00:00'),
(92, 3, '已签署的合同内容...', '2024-04-09 00:00:00', 2, '2025-04-09 00:00:00'),
(93, 4, '已签署的合同内容...', '2023-02-09 00:00:00', 2, '2024-02-09 00:00:00'),
(94, 4, '已签署的合同内容...', '2023-07-13 00:00:00', 2, '2024-07-12 00:00:00'),
(95, 1, '已签署的合同内容...', '2024-02-02 00:00:00', 2, '2025-02-01 00:00:00'),
(96, 4, '已签署的合同内容...', '2023-03-29 00:00:00', 2, '2024-03-28 00:00:00'),
(97, 4, '已签署的合同内容...', '2024-01-26 00:00:00', 2, '2025-01-25 00:00:00'),
(98, 1, '已签署的合同内容...', '2023-08-14 00:00:00', 2, '2024-08-13 00:00:00'),
(99, 3, '已签署的合同内容...', '2023-04-19 00:00:00', 2, '2024-04-18 00:00:00'),
(100, 2, '已签署的合同内容...', '2023-01-03 00:00:00', 2, '2024-01-03 00:00:00');

INSERT INTO `insurance_product` (`product_id`, `product_name`, `insurance_type`, `coverage_amount`, `premium`, `duration_days`, `conditions`, `status`) VALUES
(1, '家政安心意外险(日投保)', 1, 500000.00, 2.00, 1, '18-65周岁家政从业人员', 1),
(2, '家政责任险(月投保)', 2, 1000000.00, 45.00, 30, '无不良记录', 1),
(3, '家政保洁临时工短险(3天)', 1, 200000.00, 5.00, 3, '短期保洁人员专属意外保障', 1),
(4, '重疾险(年投保)', 1, 300000.00, 365.00, 365, '需提供健康证明', 1),
(5, '雇主责任险(季投保)', 2, 800000.00, 120.00, 90, '适用于住家保姆', 1);

INSERT INTO `insurance_order` (`order_id`, `staff_id`, `product_id`, `premium`, `insure_time`, `expire_time`, `claim_status`, `status`) VALUES
(1, 2, 3, 5.0, '2023-05-31 00:00:00', '2023-06-03 00:00:00', 3, 2),
(2, 2, 4, 365.0, '2023-05-29 00:00:00', '2024-05-28 00:00:00', 0, 2),
(3, 5, 5, 120.0, '2023-03-30 00:00:00', '2023-06-28 00:00:00', 3, 2),
(4, 6, 1, 2.0, '2024-02-07 00:00:00', '2024-02-08 00:00:00', 2, 2),
(5, 6, 2, 45.0, '2023-04-21 00:00:00', '2023-05-21 00:00:00', 0, 2),
(6, 6, 1, 2.0, '2023-06-10 00:00:00', '2023-06-11 00:00:00', 2, 2),
(7, 7, 4, 365.0, '2024-01-29 00:00:00', '2025-01-28 00:00:00', 0, 2),
(8, 7, 2, 45.0, '2023-09-10 00:00:00', '2023-10-10 00:00:00', 0, 2),
(9, 7, 5, 120.0, '2024-01-15 00:00:00', '2024-04-14 00:00:00', 0, 2),
(10, 8, 4, 365.0, '2023-02-19 00:00:00', '2024-02-19 00:00:00', 3, 2),
(11, 9, 2, 45.0, '2023-06-28 00:00:00', '2023-07-28 00:00:00', 0, 2),
(12, 9, 1, 2.0, '2024-04-12 00:00:00', '2024-04-13 00:00:00', 0, 2),
(13, 9, 3, 5.0, '2023-05-30 00:00:00', '2023-06-02 00:00:00', 0, 2),
(14, 10, 1, 2.0, '2023-04-27 00:00:00', '2023-04-28 00:00:00', 0, 2),
(15, 11, 4, 365.0, '2023-11-04 00:00:00', '2024-11-03 00:00:00', 2, 2),
(16, 13, 2, 45.0, '2023-04-14 00:00:00', '2023-05-14 00:00:00', 0, 2),
(17, 14, 4, 365.0, '2023-11-03 00:00:00', '2024-11-02 00:00:00', 0, 2),
(18, 14, 5, 120.0, '2023-08-19 00:00:00', '2023-11-17 00:00:00', 0, 2),
(19, 15, 2, 45.0, '2023-12-06 00:00:00', '2024-01-05 00:00:00', 0, 2),
(20, 15, 4, 365.0, '2023-03-16 00:00:00', '2024-03-15 00:00:00', 0, 2),
(21, 15, 2, 45.0, '2024-01-13 00:00:00', '2024-02-12 00:00:00', 0, 2),
(22, 17, 4, 365.0, '2023-05-01 00:00:00', '2024-04-30 00:00:00', 0, 2),
(23, 17, 4, 365.0, '2023-01-03 00:00:00', '2024-01-03 00:00:00', 0, 2),
(24, 21, 2, 45.0, '2024-04-02 00:00:00', '2024-05-02 00:00:00', 0, 2),
(25, 21, 1, 2.0, '2023-07-22 00:00:00', '2023-07-23 00:00:00', 0, 2),
(26, 21, 1, 2.0, '2023-08-04 00:00:00', '2023-08-05 00:00:00', 2, 2),
(27, 22, 3, 5.0, '2023-07-18 00:00:00', '2023-07-21 00:00:00', 0, 2),
(28, 23, 4, 365.0, '2023-05-05 00:00:00', '2024-05-04 00:00:00', 3, 2),
(29, 23, 2, 45.0, '2023-12-20 00:00:00', '2024-01-19 00:00:00', 0, 2),
(30, 24, 1, 2.0, '2023-09-25 00:00:00', '2023-09-26 00:00:00', 0, 2),
(31, 24, 5, 120.0, '2024-03-21 00:00:00', '2024-06-19 00:00:00', 0, 2),
(32, 24, 2, 45.0, '2023-01-07 00:00:00', '2023-02-06 00:00:00', 1, 2),
(33, 25, 2, 45.0, '2023-10-28 00:00:00', '2023-11-27 00:00:00', 0, 2),
(34, 26, 4, 365.0, '2024-03-18 00:00:00', '2025-03-18 00:00:00', 0, 2),
(35, 26, 2, 45.0, '2023-08-01 00:00:00', '2023-08-31 00:00:00', 0, 2),
(36, 26, 2, 45.0, '2023-02-21 00:00:00', '2023-03-23 00:00:00', 0, 2),
(37, 28, 2, 45.0, '2023-08-25 00:00:00', '2023-09-24 00:00:00', 0, 2),
(38, 29, 2, 45.0, '2023-02-12 00:00:00', '2023-03-14 00:00:00', 0, 2),
(39, 29, 4, 365.0, '2024-01-08 00:00:00', '2025-01-07 00:00:00', 0, 2),
(40, 30, 3, 5.0, '2024-01-03 00:00:00', '2024-01-06 00:00:00', 0, 2),
(41, 30, 1, 2.0, '2023-11-29 00:00:00', '2023-11-30 00:00:00', 0, 2),
(42, 31, 1, 2.0, '2023-10-21 00:00:00', '2023-10-22 00:00:00', 0, 2),
(43, 32, 1, 2.0, '2023-04-03 00:00:00', '2023-04-04 00:00:00', 0, 2),
(44, 32, 4, 365.0, '2023-01-17 00:00:00', '2024-01-17 00:00:00', 0, 2),
(45, 33, 5, 120.0, '2023-09-07 00:00:00', '2023-12-06 00:00:00', 0, 2),
(46, 33, 2, 45.0, '2023-02-23 00:00:00', '2023-03-25 00:00:00', 0, 2),
(47, 34, 5, 120.0, '2024-01-25 00:00:00', '2024-04-24 00:00:00', 1, 2),
(48, 34, 3, 5.0, '2023-09-05 00:00:00', '2023-09-08 00:00:00', 0, 2),
(49, 34, 2, 45.0, '2023-08-02 00:00:00', '2023-09-01 00:00:00', 3, 2),
(50, 35, 3, 5.0, '2023-02-10 00:00:00', '2023-02-13 00:00:00', 0, 2),
(51, 35, 3, 5.0, '2023-03-24 00:00:00', '2023-03-27 00:00:00', 0, 2),
(52, 36, 3, 5.0, '2023-09-08 00:00:00', '2023-09-11 00:00:00', 0, 2),
(53, 37, 5, 120.0, '2024-01-08 00:00:00', '2024-04-07 00:00:00', 0, 2),
(54, 38, 2, 45.0, '2023-10-05 00:00:00', '2023-11-04 00:00:00', 0, 2),
(55, 39, 5, 120.0, '2023-07-12 00:00:00', '2023-10-10 00:00:00', 0, 2),
(56, 40, 5, 120.0, '2023-06-10 00:00:00', '2023-09-08 00:00:00', 0, 2),
(57, 40, 1, 2.0, '2024-03-07 00:00:00', '2024-03-08 00:00:00', 0, 2),
(58, 40, 3, 5.0, '2023-03-11 00:00:00', '2023-03-14 00:00:00', 0, 2),
(59, 41, 3, 5.0, '2023-03-03 00:00:00', '2023-03-06 00:00:00', 0, 2),
(60, 41, 1, 2.0, '2023-03-13 00:00:00', '2023-03-14 00:00:00', 0, 2),
(61, 42, 1, 2.0, '2024-03-26 00:00:00', '2024-03-27 00:00:00', 0, 2),
(62, 42, 3, 5.0, '2023-08-04 00:00:00', '2023-08-07 00:00:00', 0, 2),
(63, 42, 3, 5.0, '2023-08-24 00:00:00', '2023-08-27 00:00:00', 0, 2),
(64, 45, 3, 5.0, '2023-11-22 00:00:00', '2023-11-25 00:00:00', 0, 2),
(65, 45, 5, 120.0, '2024-01-15 00:00:00', '2024-04-14 00:00:00', 0, 2),
(66, 46, 1, 2.0, '2023-11-26 00:00:00', '2023-11-27 00:00:00', 1, 2),
(67, 46, 1, 2.0, '2024-01-25 00:00:00', '2024-01-26 00:00:00', 0, 2),
(68, 46, 1, 2.0, '2023-09-14 00:00:00', '2023-09-15 00:00:00', 0, 2),
(69, 47, 3, 5.0, '2024-02-18 00:00:00', '2024-02-21 00:00:00', 0, 2),
(70, 47, 3, 5.0, '2024-01-04 00:00:00', '2024-01-07 00:00:00', 0, 2),
(71, 47, 4, 365.0, '2023-05-09 00:00:00', '2024-05-08 00:00:00', 0, 2),
(72, 48, 1, 2.0, '2023-02-13 00:00:00', '2023-02-14 00:00:00', 0, 2),
(73, 49, 1, 2.0, '2023-06-18 00:00:00', '2023-06-19 00:00:00', 0, 2),
(74, 49, 4, 365.0, '2023-11-11 00:00:00', '2024-11-10 00:00:00', 0, 2),
(75, 49, 2, 45.0, '2023-10-29 00:00:00', '2023-11-28 00:00:00', 3, 2),
(76, 50, 1, 2.0, '2023-11-24 00:00:00', '2023-11-25 00:00:00', 2, 2),
(77, 50, 1, 2.0, '2023-02-17 00:00:00', '2023-02-18 00:00:00', 0, 2),
(78, 50, 2, 45.0, '2023-08-19 00:00:00', '2023-09-18 00:00:00', 0, 2),
(79, 51, 2, 45.0, '2023-07-09 00:00:00', '2023-08-08 00:00:00', 2, 2),
(80, 51, 3, 5.0, '2024-04-12 00:00:00', '2024-04-15 00:00:00', 0, 2),
(81, 51, 1, 2.0, '2024-03-25 00:00:00', '2024-03-26 00:00:00', 0, 2),
(82, 52, 2, 45.0, '2023-03-29 00:00:00', '2023-04-28 00:00:00', 0, 2),
(83, 54, 2, 45.0, '2024-03-22 00:00:00', '2024-04-21 00:00:00', 2, 2),
(84, 54, 4, 365.0, '2023-05-18 00:00:00', '2024-05-17 00:00:00', 2, 2),
(85, 54, 2, 45.0, '2023-05-12 00:00:00', '2023-06-11 00:00:00', 0, 2),
(86, 55, 4, 365.0, '2023-02-18 00:00:00', '2024-02-18 00:00:00', 2, 2),
(87, 55, 3, 5.0, '2024-01-02 00:00:00', '2024-01-05 00:00:00', 1, 2),
(88, 55, 2, 45.0, '2023-10-18 00:00:00', '2023-11-17 00:00:00', 0, 2),
(89, 57, 1, 2.0, '2023-04-20 00:00:00', '2023-04-21 00:00:00', 0, 2),
(90, 58, 5, 120.0, '2023-08-01 00:00:00', '2023-10-30 00:00:00', 0, 2),
(91, 58, 5, 120.0, '2024-04-11 00:00:00', '2024-07-10 00:00:00', 3, 2),
(92, 59, 3, 5.0, '2023-07-10 00:00:00', '2023-07-13 00:00:00', 0, 2),
(93, 59, 4, 365.0, '2023-02-01 00:00:00', '2024-02-01 00:00:00', 0, 2),
(94, 59, 3, 5.0, '2023-09-20 00:00:00', '2023-09-23 00:00:00', 3, 2),
(95, 60, 4, 365.0, '2023-03-22 00:00:00', '2024-03-21 00:00:00', 0, 2),
(96, 60, 1, 2.0, '2023-03-15 00:00:00', '2023-03-16 00:00:00', 2, 2),
(97, 60, 1, 2.0, '2024-03-28 00:00:00', '2024-03-29 00:00:00', 0, 2),
(98, 61, 4, 365.0, '2023-09-15 00:00:00', '2024-09-14 00:00:00', 0, 2),
(99, 62, 1, 2.0, '2023-09-30 00:00:00', '2023-10-01 00:00:00', 0, 2),
(100, 65, 3, 5.0, '2023-06-03 00:00:00', '2023-06-06 00:00:00', 0, 2),
(101, 66, 3, 5.0, '2024-03-19 00:00:00', '2024-03-22 00:00:00', 3, 2),
(102, 68, 2, 45.0, '2023-02-27 00:00:00', '2023-03-29 00:00:00', 0, 2),
(103, 69, 5, 120.0, '2023-05-19 00:00:00', '2023-08-17 00:00:00', 0, 2),
(104, 69, 3, 5.0, '2023-07-13 00:00:00', '2023-07-16 00:00:00', 0, 2),
(105, 70, 4, 365.0, '2023-11-26 00:00:00', '2024-11-25 00:00:00', 0, 2),
(106, 70, 5, 120.0, '2023-03-26 00:00:00', '2023-06-24 00:00:00', 0, 2),
(107, 71, 3, 5.0, '2023-10-04 00:00:00', '2023-10-07 00:00:00', 0, 2),
(108, 71, 2, 45.0, '2023-08-25 00:00:00', '2023-09-24 00:00:00', 0, 2),
(109, 71, 4, 365.0, '2023-08-17 00:00:00', '2024-08-16 00:00:00', 0, 2),
(110, 72, 4, 365.0, '2023-10-31 00:00:00', '2024-10-30 00:00:00', 0, 2),
(111, 72, 3, 5.0, '2024-04-04 00:00:00', '2024-04-07 00:00:00', 0, 2),
(112, 74, 2, 45.0, '2023-01-19 00:00:00', '2023-02-18 00:00:00', 1, 2),
(113, 75, 3, 5.0, '2023-08-08 00:00:00', '2023-08-11 00:00:00', 0, 2),
(114, 75, 3, 5.0, '2023-09-22 00:00:00', '2023-09-25 00:00:00', 0, 2),
(115, 76, 1, 2.0, '2023-01-13 00:00:00', '2023-01-14 00:00:00', 3, 2),
(116, 77, 1, 2.0, '2023-05-27 00:00:00', '2023-05-28 00:00:00', 0, 2),
(117, 77, 5, 120.0, '2023-11-24 00:00:00', '2024-02-22 00:00:00', 0, 2),
(118, 78, 1, 2.0, '2023-10-03 00:00:00', '2023-10-04 00:00:00', 0, 2),
(119, 80, 5, 120.0, '2024-03-28 00:00:00', '2024-06-26 00:00:00', 0, 2),
(120, 81, 5, 120.0, '2023-03-19 00:00:00', '2023-06-17 00:00:00', 0, 2),
(121, 82, 5, 120.0, '2024-01-14 00:00:00', '2024-04-13 00:00:00', 0, 2),
(122, 84, 3, 5.0, '2023-10-06 00:00:00', '2023-10-09 00:00:00', 0, 2),
(123, 84, 1, 2.0, '2023-07-12 00:00:00', '2023-07-13 00:00:00', 0, 2),
(124, 84, 4, 365.0, '2023-10-07 00:00:00', '2024-10-06 00:00:00', 0, 2),
(125, 85, 1, 2.0, '2023-03-26 00:00:00', '2023-03-27 00:00:00', 1, 2),
(126, 85, 4, 365.0, '2023-08-12 00:00:00', '2024-08-11 00:00:00', 2, 2),
(127, 85, 3, 5.0, '2023-03-04 00:00:00', '2023-03-07 00:00:00', 0, 2),
(128, 86, 1, 2.0, '2024-02-03 00:00:00', '2024-02-04 00:00:00', 0, 2),
(129, 87, 4, 365.0, '2023-01-31 00:00:00', '2024-01-31 00:00:00', 0, 2),
(130, 89, 3, 5.0, '2024-02-21 00:00:00', '2024-02-24 00:00:00', 0, 2),
(131, 89, 2, 45.0, '2023-07-21 00:00:00', '2023-08-20 00:00:00', 0, 2),
(132, 89, 3, 5.0, '2023-09-07 00:00:00', '2023-09-10 00:00:00', 0, 2),
(133, 92, 5, 120.0, '2024-04-07 00:00:00', '2024-07-06 00:00:00', 0, 2),
(134, 92, 2, 45.0, '2024-04-15 00:00:00', '2024-05-15 00:00:00', 2, 2),
(135, 92, 3, 5.0, '2023-09-19 00:00:00', '2023-09-22 00:00:00', 0, 2),
(136, 93, 1, 2.0, '2023-12-09 00:00:00', '2023-12-10 00:00:00', 1, 2),
(137, 93, 5, 120.0, '2023-02-20 00:00:00', '2023-05-21 00:00:00', 0, 2),
(138, 93, 2, 45.0, '2023-07-10 00:00:00', '2023-08-09 00:00:00', 0, 2),
(139, 97, 3, 5.0, '2024-01-04 00:00:00', '2024-01-07 00:00:00', 0, 2),
(140, 97, 1, 2.0, '2023-05-24 00:00:00', '2023-05-25 00:00:00', 2, 2),
(141, 97, 3, 5.0, '2023-05-08 00:00:00', '2023-05-11 00:00:00', 2, 2),
(142, 98, 2, 45.0, '2023-02-26 00:00:00', '2023-03-28 00:00:00', 0, 2),
(143, 99, 3, 5.0, '2024-02-09 00:00:00', '2024-02-12 00:00:00', 0, 2),
(144, 99, 3, 5.0, '2024-03-26 00:00:00', '2024-03-29 00:00:00', 0, 2);

INSERT INTO `claim` (`staff_id`, `order_id`, `claim_amount`, `material_url`, `claim_status`, `apply_time`, `claim_time`) VALUES
(2, 1, 7556.77, '/uploads/claim/1.pdf', 3, '2023-06-05 00:00:00', '2023-06-15 00:00:00'),
(5, 3, 1990.26, '/uploads/claim/3.pdf', 3, '2023-03-31 00:00:00', '2023-04-04 00:00:00'),
(6, 4, 8908.35, '/uploads/claim/4.pdf', 2, '2024-02-12 00:00:00', '2024-02-25 00:00:00'),
(6, 6, 3256.39, '/uploads/claim/6.pdf', 2, '2023-06-13 00:00:00', '2023-06-25 00:00:00'),
(8, 10, 5701.21, '/uploads/claim/10.pdf', 3, '2023-02-22 00:00:00', '2023-03-07 00:00:00'),
(11, 15, 5475.92, '/uploads/claim/15.pdf', 2, '2023-11-05 00:00:00', '2023-11-10 00:00:00'),
(21, 26, 1123.75, '/uploads/claim/26.pdf', 2, '2023-08-06 00:00:00', '2023-08-15 00:00:00'),
(23, 28, 5566.03, '/uploads/claim/28.pdf', 3, '2023-05-06 00:00:00', '2023-05-10 00:00:00'),
(24, 32, 4325.1, '/uploads/claim/32.pdf', 1, '2023-01-09 00:00:00', NULL),
(34, 47, 5183.66, '/uploads/claim/47.pdf', 1, '2024-01-26 00:00:00', NULL),
(34, 49, 5250.46, '/uploads/claim/49.pdf', 3, '2023-08-03 00:00:00', '2023-08-16 00:00:00'),
(46, 66, 9223.14, '/uploads/claim/66.pdf', 1, '2023-11-30 00:00:00', NULL),
(49, 75, 2893.2, '/uploads/claim/75.pdf', 3, '2023-10-30 00:00:00', '2023-11-11 00:00:00'),
(50, 76, 7906.1, '/uploads/claim/76.pdf', 2, '2023-11-29 00:00:00', '2023-12-08 00:00:00'),
(51, 79, 7692.95, '/uploads/claim/79.pdf', 2, '2023-07-12 00:00:00', '2023-07-27 00:00:00'),
(54, 83, 3401.8, '/uploads/claim/83.pdf', 2, '2024-03-26 00:00:00', '2024-04-01 00:00:00'),
(54, 84, 9551.92, '/uploads/claim/84.pdf', 2, '2023-05-22 00:00:00', '2023-05-30 00:00:00'),
(55, 86, 2831.1, '/uploads/claim/86.pdf', 2, '2023-02-21 00:00:00', '2023-03-03 00:00:00'),
(55, 87, 610.07, '/uploads/claim/87.pdf', 1, '2024-01-03 00:00:00', NULL),
(58, 91, 4591.02, '/uploads/claim/91.pdf', 3, '2024-04-14 00:00:00', '2024-04-21 00:00:00'),
(59, 94, 4448.01, '/uploads/claim/94.pdf', 3, '2023-09-23 00:00:00', '2023-10-05 00:00:00'),
(60, 96, 8902.69, '/uploads/claim/96.pdf', 2, '2023-03-17 00:00:00', '2023-03-29 00:00:00'),
(66, 101, 5470.07, '/uploads/claim/101.pdf', 3, '2024-03-23 00:00:00', '2024-03-31 00:00:00'),
(74, 112, 7462.52, '/uploads/claim/112.pdf', 1, '2023-01-21 00:00:00', NULL),
(76, 115, 8879.62, '/uploads/claim/115.pdf', 3, '2023-01-16 00:00:00', '2023-01-20 00:00:00'),
(85, 125, 5594.78, '/uploads/claim/125.pdf', 1, '2023-03-31 00:00:00', NULL),
(85, 126, 5685.68, '/uploads/claim/126.pdf', 2, '2023-08-13 00:00:00', '2023-08-19 00:00:00'),
(92, 134, 5258.6, '/uploads/claim/134.pdf', 2, '2024-04-16 00:00:00', '2024-04-20 00:00:00'),
(93, 136, 8448.84, '/uploads/claim/136.pdf', 1, '2023-12-14 00:00:00', NULL),
(97, 140, 5502.06, '/uploads/claim/140.pdf', 2, '2023-05-28 00:00:00', '2023-05-31 00:00:00'),
(97, 141, 8557.02, '/uploads/claim/141.pdf', 2, '2023-05-11 00:00:00', '2023-05-14 00:00:00');

-- 状态覆盖修正：保证每种状态都有数据记录（便于统计页展示）
-- staff.status: 0/1
UPDATE `staff` SET `status` = 1 WHERE `staff_id` = 2;
UPDATE `staff` SET `status` = 0 WHERE `staff_id` = 11;

-- realname_auth.auth_status: 0/1/2
UPDATE `realname_auth` SET `auth_status` = 0, `auth_time` = NULL WHERE `staff_id` = 2;
UPDATE `realname_auth` SET `auth_status` = 1 WHERE `staff_id` = 3;
UPDATE `realname_auth` SET `auth_status` = 2 WHERE `staff_id` = 6;

-- contract_template.status: 0/1
UPDATE `contract_template` SET `status` = 1 WHERE `template_id` = 1;
UPDATE `contract_template` SET `status` = 0 WHERE `template_id` = 2;

-- contract.contract_status: 0/1/2/3
UPDATE `contract` SET `contract_status` = 0, `sign_time` = NULL WHERE `contract_id` = 1;
UPDATE `contract` SET `contract_status` = 1 WHERE `contract_id` = 2;
UPDATE `contract` SET `contract_status` = 2 WHERE `contract_id` = 3;
UPDATE `contract` SET `contract_status` = 3 WHERE `contract_id` = 4;

-- insurance_product.status: 0/1
UPDATE `insurance_product` SET `status` = 1 WHERE `product_id` = 1;
UPDATE `insurance_product` SET `status` = 0 WHERE `product_id` = 2;

-- insurance_order.status: 1/2/3
UPDATE `insurance_order` SET `status` = 1 WHERE `order_id` IN (1, 2, 3, 4, 5);
UPDATE `insurance_order` SET `status` = 2 WHERE `order_id` IN (6, 7, 8, 9, 10);
UPDATE `insurance_order` SET `status` = 3 WHERE `order_id` IN (11, 12, 13, 14, 15);

-- claim.claim_status: 0/1/2/3
UPDATE `claim` SET `claim_status` = 0, `claim_time` = NULL WHERE `claim_id` = 1;
UPDATE `claim` SET `claim_status` = 1, `claim_time` = NULL WHERE `claim_id` = 2;
UPDATE `claim` SET `claim_status` = 2 WHERE `claim_id` = 3;
UPDATE `claim` SET `claim_status` = 3 WHERE `claim_id` = 4;

-- 按理赔明细回写订单理赔状态，确保 insurance_order.claim_status 与 claim.claim_status 对齐
UPDATE `insurance_order` o
LEFT JOIN (
  SELECT `order_id`, MAX(`claim_status`) AS `latest_claim_status`
  FROM `claim`
  WHERE `is_deleted` = 0
  GROUP BY `order_id`
) c ON c.`order_id` = o.`order_id`
SET o.`claim_status` = COALESCE(c.`latest_claim_status`, 0);

SET FOREIGN_KEY_CHECKS = 1;
