USE `yanxin_keyingmen`;

SET NAMES utf8mb4;
SET FOREIGN_KEY_CHECKS = 0;

-- 1. 会员表 (增加到15个用户，不同等级和状态)
TRUNCATE TABLE `member`;
INSERT INTO `member` (`member_id`, `member_name`, `phone`, `member_level`, `account_balance`, `member_status`, `register_time`, `inviter_id`, `invite_count`) VALUES
(1, '测试用户(自己)', '13800000001', 1, 500, 1, '2023-09-09 06:12:06', NULL, 4),
(2, '高级会员(演示)', '13800000002', 1, 1200, 1, '2023-11-19 15:42:46', NULL, 3),
(3, '普通会员(演示)', '13800000003', 0, 150, 1, '2023-03-16 15:06:01', 1, 0),
(4, '张三(演示)', '13800000004', 1, 300, 1, '2023-12-01 10:10:00', 1, 1),
(5, '李四(演示)', '13800000005', 0, 50, 1, '2024-01-05 09:20:00', 2, 0),
(6, '王五(演示)', '13800000006', 1, 2500, 1, '2023-08-10 14:30:00', NULL, 5),
(7, '赵六(演示)', '13800000007', 0, 0, 1, '2024-02-15 11:45:00', 1, 0),
(8, '孙七(演示)', '13800000008', 1, 800, 1, '2023-10-20 16:15:00', 4, 2),
(9, '周八(冻结)', '13800000009', 0, 120, 0, '2023-05-11 08:30:00', NULL, 0),
(10, '吴九(演示)', '13800000010', 1, 5000, 1, '2022-12-01 09:00:00', NULL, 10),
(11, '郑十(演示)', '13800000011', 1, 450, 1, '2024-03-01 10:00:00', 10, 0),
(12, '钱十一(演示)', '13800000012', 0, 20, 1, '2024-04-12 13:20:00', 8, 0),
(13, '孙十二(演示)', '13800000013', 1, 1800, 1, '2023-07-25 15:40:00', 6, 3),
(14, '李十三(演示)', '13800000014', 0, 80, 1, '2024-05-01 11:10:00', 1, 0),
(15, '周十四(演示)', '13800000015', 1, 600, 1, '2023-11-11 00:00:00', NULL, 1);

-- 2. 优惠券模板表 (增加几种新券)
TRUNCATE TABLE `coupon_template`;
INSERT INTO `coupon_template` (`coupon_id`, `coupon_name`, `face_value`, `condition_amount`, `valid_start_time`, `valid_end_time`, `issue_count`, `used_count`) VALUES
(1, '无门槛立减券', 20.00, 0.00, '2024-01-01 00:00:00', '2026-12-31 23:59:59', 1000, 150),
(2, '满100减50神券', 50.00, 100.00, '2024-01-01 00:00:00', '2026-12-31 23:59:59', 2000, 500),
(3, '满500减200大额券', 200.00, 500.00, '2024-01-01 00:00:00', '2026-12-31 23:59:59', 500, 80),
(4, '日常保洁专属满减券', 30.00, 150.00, '2024-05-01 00:00:00', '2027-05-01 23:59:59', 800, 200),
(5, '老客户感恩回馈券', 100.00, 200.00, '2024-01-01 00:00:00', '2026-12-31 23:59:59', 300, 120),
(6, '新人首单立减券', 50.00, 0.00, '2024-01-01 00:00:00', '2028-12-31 23:59:59', 5000, 1000);

-- 3. 营销活动模板表 (增加更多活动，不同状态)
TRUNCATE TABLE `activity_template`;
INSERT INTO `activity_template` (`activity_id`, `coupon_id`, `activity_name`, `activity_type`, `start_time`, `end_time`, `issue_count`, `redeem_count`, `is_deleted`, `create_time`, `update_time`) VALUES
(1, 1, '新春大促全场满减', 2, '2024-01-01 00:00:00', '2028-02-15 23:59:59', 1000, 300, 0, '2024-01-01 10:00:00', '2024-01-01 10:00:00'),
(2, 2, '福星抽奖', 2, '2026-06-23 00:00:00', '2028-08-30 23:59:59', 500, 50, 0, '2026-04-20 09:00:00', '2026-04-20 09:00:00'),
(3, 3, '老带新专属福利', 1, '2020-03-01 00:00:00', '2028-06-30 23:59:59', 2000, 1500, 0, '2020-02-28 15:30:00', '2020-02-28 15:30:00'),
(4, 4, '五一劳动节大扫除特惠', 2, '2024-04-25 00:00:00', '2028-05-10 23:59:59', 800, 200, 0, '2024-04-20 10:00:00', '2024-04-20 10:00:00'),
(5, 6, '新人注册有礼', 1, '2023-01-01 00:00:00', '2028-12-31 23:59:59', 5000, 1000, 0, '2023-01-01 08:00:00', '2023-01-01 08:00:00'),
(6, 5, '年中狂欢季', 2, '2025-06-01 00:00:00', '2028-06-18 23:59:59', 1000, 0, 0, '2025-05-15 10:00:00', '2025-05-15 10:00:00');

-- 4. 会员活动参与表 (造一些活动参与记录)
TRUNCATE TABLE `member_activity`;
INSERT INTO `member_activity` (`id`, `member_id`, `activity_id`, `participate_status`, `participate_time`, `obtained_coupon_id`) VALUES
(1, 1, 1, 1, '2024-05-01 10:00:00', 1),
(2, 1, 3, 1, '2021-04-01 10:00:00', 3),
(3, 1, 4, 1, '2024-04-26 15:30:00', 4),
(4, 1, 5, 1, '2023-09-09 06:15:00', 6),
(5, 2, 1, 1, '2024-05-02 11:00:00', 1),
(6, 2, 4, 1, '2024-04-28 09:20:00', 4),
(7, 3, 5, 1, '2023-03-16 15:10:00', 6);

-- 5. 会员优惠券记录表 (丰富优惠券状态，增加已使用和已过期的记录)
TRUNCATE TABLE `member_coupon`;
INSERT INTO `member_coupon` (`id`, `member_id`, `coupon_id`, `order_id`, `status`, `receive_time`, `use_time`) VALUES
(1, 1, 1, NULL, 0, '2024-05-01 10:00:00', NULL),
(2, 1, 2, NULL, 0, '2024-05-02 10:00:00', NULL),
(3, 1, 3, 1, 1, '2024-04-01 10:00:00', '2024-04-05 12:00:00'),
(4, 1, 4, NULL, 0, '2024-04-26 15:30:00', NULL),
(5, 1, 6, 2, 1, '2023-09-09 06:15:00', '2023-10-10 15:30:00'),
(6, 1, 5, NULL, 2, '2023-10-01 10:00:00', NULL),
(7, 2, 1, NULL, 0, '2024-05-02 11:00:00', NULL),
(8, 2, 4, 4, 1, '2024-04-28 09:20:00', '2024-04-30 14:00:00'),
(9, 3, 6, NULL, 0, '2023-03-16 15:10:00', NULL);

-- 6. 订单表 (丰富各种状态订单)
TRUNCATE TABLE `orders`;
INSERT INTO `orders` (`order_id`, `member_id`, `coupon_id`, `service_item`, `total_amount`, `point_discount_amount`, `coupon_discount_amount`, `pay_amount`, `pay_status`, `pay_time`, `pay_method`) VALUES
(1, 1, 3, '客盈门深度保洁套餐', 600.00, 10.00, 200.00, 390.00, 1, '2024-04-05 12:00:00', 1),
(2, 1, 6, '日常钟点工服务', 150.00, 5.00, 50.00, 95.00, 1, '2023-10-10 15:30:00', 1),
(3, 1, NULL, '新居开荒保洁', 800.00, 0.00, 0.00, 800.00, 0, NULL, NULL),
(4, 2, 4, '全屋除螨服务', 300.00, 20.00, 30.00, 250.00, 1, '2024-04-30 14:00:00', 2),
(5, 1, NULL, '家电清洗(空调+洗衣机)', 280.00, 0.00, 0.00, 280.00, 1, '2024-01-15 09:30:00', 1),
(6, 1, NULL, '玻璃专项清洗', 120.00, 12.00, 0.00, 108.00, 1, '2024-03-20 16:45:00', 2),
(7, 3, NULL, '日常钟点工服务(4小时)', 200.00, 0.00, 0.00, 200.00, 1, '2023-05-20 10:00:00', 1);

-- 7. 积分记录表 (与订单联动，并增加一些签到、活动奖励的积分记录)
TRUNCATE TABLE `point_record`;
INSERT INTO `point_record` (`record_id`, `member_id`, `order_id`, `points_change`, `change_rate`) VALUES
(1, 1, 1, -10, 2),
(2, 1, 1, 2, 1),
(3, 1, 2, -5, 2),
(4, 1, 2, 2, 1),
(5, 2, 4, -20, 2),
(6, 2, 4, 2, 1),
(7, 1, 5, 2, 2),
(8, 1, 6, -12, 2),
(9, 1, 6, 2, 1),
(10, 3, 7, 1, 1);

SET FOREIGN_KEY_CHECKS = 1;